"","aging","accession","counts"
"1","<1","101CV0ng_LUNG",0
"2","1~17","101CV0ng_LUNG",0
"3","15","101CV0ng_LUNG",0
"4","18~40","101CV0ng_LUNG",0
"5","41~54","101CV0ng_LUNG",0
"6","55~","101CV0ng_LUNG",0
"7","unknown","101CV0ng_LUNG",15
"8","<1","16E0F2ng_LUNG",0
"9","1~17","16E0F2ng_LUNG",0
"10","15","16E0F2ng_LUNG",0
"11","18~40","16E0F2ng_LUNG",0
"12","41~54","16E0F2ng_LUNG",0
"13","55~","16E0F2ng_LUNG",0
"14","unknown","16E0F2ng_LUNG",20
"15","<1","1A1DFBng_LUNG",0
"16","1~17","1A1DFBng_LUNG",0
"17","15","1A1DFBng_LUNG",0
"18","18~40","1A1DFBng_LUNG",0
"19","41~54","1A1DFBng_LUNG",0
"20","55~","1A1DFBng_LUNG",0
"21","unknown","1A1DFBng_LUNG",22
"22","<1","343B_0h",0
"23","1~17","343B_0h",0
"24","15","343B_0h",0
"25","18~40","343B_0h",0
"26","41~54","343B_0h",0
"27","55~","343B_0h",0
"28","unknown","343B_0h",19
"29","<1","343B_24h",0
"30","1~17","343B_24h",0
"31","15","343B_24h",0
"32","18~40","343B_24h",0
"33","41~54","343B_24h",0
"34","55~","343B_24h",0
"35","unknown","343B_24h",15
"36","<1","343B_72h",0
"37","1~17","343B_72h",0
"38","15","343B_72h",0
"39","18~40","343B_72h",0
"40","41~54","343B_72h",0
"41","55~","343B_72h",0
"42","unknown","343B_72h",31
"43","<1","356C_0h",0
"44","1~17","356C_0h",0
"45","15","356C_0h",0
"46","18~40","356C_0h",0
"47","41~54","356C_0h",0
"48","55~","356C_0h",0
"49","unknown","356C_0h",28
"50","<1","356C_12h",0
"51","1~17","356C_12h",0
"52","15","356C_12h",0
"53","18~40","356C_12h",0
"54","41~54","356C_12h",0
"55","55~","356C_12h",0
"56","unknown","356C_12h",28
"57","<1","356C_24h",0
"58","1~17","356C_24h",0
"59","15","356C_24h",0
"60","18~40","356C_24h",0
"61","41~54","356C_24h",0
"62","55~","356C_24h",0
"63","unknown","356C_24h",27
"64","<1","356C_72h",0
"65","1~17","356C_72h",0
"66","15","356C_72h",0
"67","18~40","356C_72h",0
"68","41~54","356C_72h",0
"69","55~","356C_72h",0
"70","unknown","356C_72h",29
"71","<1","367C_0h",0
"72","1~17","367C_0h",0
"73","15","367C_0h",0
"74","18~40","367C_0h",0
"75","41~54","367C_0h",0
"76","55~","367C_0h",0
"77","unknown","367C_0h",26
"78","<1","367C_12h",0
"79","1~17","367C_12h",0
"80","15","367C_12h",0
"81","18~40","367C_12h",0
"82","41~54","367C_12h",0
"83","55~","367C_12h",0
"84","unknown","367C_12h",31
"85","<1","367C_24h",0
"86","1~17","367C_24h",0
"87","15","367C_24h",0
"88","18~40","367C_24h",0
"89","41~54","367C_24h",0
"90","55~","367C_24h",0
"91","unknown","367C_24h",11
"92","<1","367C_72h",0
"93","1~17","367C_72h",0
"94","15","367C_72h",0
"95","18~40","367C_72h",0
"96","41~54","367C_72h",0
"97","55~","367C_72h",0
"98","unknown","367C_72h",22
"99","<1","368C_0h",0
"100","1~17","368C_0h",0
"101","15","368C_0h",0
"102","18~40","368C_0h",0
"103","41~54","368C_0h",0
"104","55~","368C_0h",0
"105","unknown","368C_0h",5
"106","<1","368C_12h",0
"107","1~17","368C_12h",0
"108","15","368C_12h",0
"109","18~40","368C_12h",0
"110","41~54","368C_12h",0
"111","55~","368C_12h",0
"112","unknown","368C_12h",29
"113","<1","368C_24h",0
"114","1~17","368C_24h",0
"115","15","368C_24h",0
"116","18~40","368C_24h",0
"117","41~54","368C_24h",0
"118","55~","368C_24h",0
"119","unknown","368C_24h",13
"120","<1","368C_72h",0
"121","1~17","368C_72h",0
"122","15","368C_72h",0
"123","18~40","368C_72h",0
"124","41~54","368C_72h",0
"125","55~","368C_72h",0
"126","unknown","368C_72h",13
"127","<1","390C_0h",0
"128","1~17","390C_0h",0
"129","15","390C_0h",0
"130","18~40","390C_0h",0
"131","41~54","390C_0h",0
"132","55~","390C_0h",0
"133","unknown","390C_0h",27
"134","<1","390C_12h",0
"135","1~17","390C_12h",0
"136","15","390C_12h",0
"137","18~40","390C_12h",0
"138","41~54","390C_12h",0
"139","55~","390C_12h",0
"140","unknown","390C_12h",31
"141","<1","390C_24h",0
"142","1~17","390C_24h",0
"143","15","390C_24h",0
"144","18~40","390C_24h",0
"145","41~54","390C_24h",0
"146","55~","390C_24h",0
"147","unknown","390C_24h",17
"148","<1","390C_72h",0
"149","1~17","390C_72h",0
"150","15","390C_72h",0
"151","18~40","390C_72h",0
"152","41~54","390C_72h",0
"153","55~","390C_72h",0
"154","unknown","390C_72h",18
"155","<1","4951STDY7472265_LUNG",0
"156","1~17","4951STDY7472265_LUNG",0
"157","15","4951STDY7472265_LUNG",0
"158","18~40","4951STDY7472265_LUNG",0
"159","41~54","4951STDY7472265_LUNG",0
"160","55~","4951STDY7472265_LUNG",0
"161","unknown","4951STDY7472265_LUNG",21
"162","<1","4951STDY7472266_LUNG",0
"163","1~17","4951STDY7472266_LUNG",0
"164","15","4951STDY7472266_LUNG",0
"165","18~40","4951STDY7472266_LUNG",0
"166","41~54","4951STDY7472266_LUNG",0
"167","55~","4951STDY7472266_LUNG",0
"168","unknown","4951STDY7472266_LUNG",64
"169","<1","4951STDY7472267_LUNG",0
"170","1~17","4951STDY7472267_LUNG",0
"171","15","4951STDY7472267_LUNG",0
"172","18~40","4951STDY7472267_LUNG",0
"173","41~54","4951STDY7472267_LUNG",0
"174","55~","4951STDY7472267_LUNG",0
"175","unknown","4951STDY7472267_LUNG",44
"176","<1","4951STDY7487591_LUNG",0
"177","1~17","4951STDY7487591_LUNG",0
"178","15","4951STDY7487591_LUNG",0
"179","18~40","4951STDY7487591_LUNG",0
"180","41~54","4951STDY7487591_LUNG",0
"181","55~","4951STDY7487591_LUNG",0
"182","unknown","4951STDY7487591_LUNG",18
"183","<1","4951STDY7487592_LUNG",0
"184","1~17","4951STDY7487592_LUNG",0
"185","15","4951STDY7487592_LUNG",0
"186","18~40","4951STDY7487592_LUNG",0
"187","41~54","4951STDY7487592_LUNG",0
"188","55~","4951STDY7487592_LUNG",0
"189","unknown","4951STDY7487592_LUNG",22
"190","<1","4951STDY7487593_LUNG",0
"191","1~17","4951STDY7487593_LUNG",0
"192","15","4951STDY7487593_LUNG",0
"193","18~40","4951STDY7487593_LUNG",0
"194","41~54","4951STDY7487593_LUNG",0
"195","55~","4951STDY7487593_LUNG",0
"196","unknown","4951STDY7487593_LUNG",12
"197","<1","9JQK55ng_LUNG",0
"198","1~17","9JQK55ng_LUNG",0
"199","15","9JQK55ng_LUNG",0
"200","18~40","9JQK55ng_LUNG",0
"201","41~54","9JQK55ng_LUNG",0
"202","55~","9JQK55ng_LUNG",0
"203","unknown","9JQK55ng_LUNG",24
"204","<1","A9LCTZng_LUNG",0
"205","1~17","A9LCTZng_LUNG",0
"206","15","A9LCTZng_LUNG",0
"207","18~40","A9LCTZng_LUNG",0
"208","41~54","A9LCTZng_LUNG",0
"209","55~","A9LCTZng_LUNG",0
"210","unknown","A9LCTZng_LUNG",36
"211","<1","AdultLung_1",0
"212","1~17","AdultLung_1",0
"213","15","AdultLung_1",0
"214","18~40","AdultLung_1",58
"215","41~54","AdultLung_1",0
"216","55~","AdultLung_1",0
"217","unknown","AdultLung_1",0
"218","<1","AdultLung_2",0
"219","1~17","AdultLung_2",0
"220","15","AdultLung_2",0
"221","18~40","AdultLung_2",28
"222","41~54","AdultLung_2",0
"223","55~","AdultLung_2",0
"224","unknown","AdultLung_2",0
"225","<1","AdultLung_3",0
"226","1~17","AdultLung_3",0
"227","15","AdultLung_3",0
"228","18~40","AdultLung_3",52
"229","41~54","AdultLung_3",0
"230","55~","AdultLung_3",0
"231","unknown","AdultLung_3",0
"232","<1","CTTV027_RNAseq6949176_LUNG",0
"233","1~17","CTTV027_RNAseq6949176_LUNG",0
"234","15","CTTV027_RNAseq6949176_LUNG",0
"235","18~40","CTTV027_RNAseq6949176_LUNG",0
"236","41~54","CTTV027_RNAseq6949176_LUNG",0
"237","55~","CTTV027_RNAseq6949176_LUNG",0
"238","unknown","CTTV027_RNAseq6949176_LUNG",16
"239","<1","CTTV027_RNAseq6949177_LUNG",0
"240","1~17","CTTV027_RNAseq6949177_LUNG",0
"241","15","CTTV027_RNAseq6949177_LUNG",0
"242","18~40","CTTV027_RNAseq6949177_LUNG",0
"243","41~54","CTTV027_RNAseq6949177_LUNG",0
"244","55~","CTTV027_RNAseq6949177_LUNG",0
"245","unknown","CTTV027_RNAseq6949177_LUNG",22
"246","<1","CTTV027_RNAseq7118945_LUNG",0
"247","1~17","CTTV027_RNAseq7118945_LUNG",0
"248","15","CTTV027_RNAseq7118945_LUNG",0
"249","18~40","CTTV027_RNAseq7118945_LUNG",0
"250","41~54","CTTV027_RNAseq7118945_LUNG",0
"251","55~","CTTV027_RNAseq7118945_LUNG",0
"252","unknown","CTTV027_RNAseq7118945_LUNG",3
"253","<1","CTTV027_RNAseq7118946_LUNG",0
"254","1~17","CTTV027_RNAseq7118946_LUNG",0
"255","15","CTTV027_RNAseq7118946_LUNG",0
"256","18~40","CTTV027_RNAseq7118946_LUNG",0
"257","41~54","CTTV027_RNAseq7118946_LUNG",0
"258","55~","CTTV027_RNAseq7118946_LUNG",0
"259","unknown","CTTV027_RNAseq7118946_LUNG",10
"260","<1","CTTV027_RNAseq7333557_LUNG",0
"261","1~17","CTTV027_RNAseq7333557_LUNG",0
"262","15","CTTV027_RNAseq7333557_LUNG",0
"263","18~40","CTTV027_RNAseq7333557_LUNG",0
"264","41~54","CTTV027_RNAseq7333557_LUNG",0
"265","55~","CTTV027_RNAseq7333557_LUNG",0
"266","unknown","CTTV027_RNAseq7333557_LUNG",22
"267","<1","D088_LUNG",0
"268","1~17","D088_LUNG",0
"269","15","D088_LUNG",0
"270","18~40","D088_LUNG",0
"271","41~54","D088_LUNG",0
"272","55~","D088_LUNG",0
"273","unknown","D088_LUNG",32
"274","<1","D122_LUNG",0
"275","1~17","D122_LUNG",0
"276","15","D122_LUNG",0
"277","18~40","D122_LUNG",0
"278","41~54","D122_LUNG",0
"279","55~","D122_LUNG",0
"280","unknown","D122_LUNG",17
"281","<1","D150_LUNG",0
"282","1~17","D150_LUNG",0
"283","15","D150_LUNG",0
"284","18~40","D150_LUNG",0
"285","41~54","D150_LUNG",0
"286","55~","D150_LUNG",0
"287","unknown","D150_LUNG",45
"288","<1","D175_LUNG",0
"289","1~17","D175_LUNG",0
"290","15","D175_LUNG",0
"291","18~40","D175_LUNG",0
"292","41~54","D175_LUNG",0
"293","55~","D175_LUNG",0
"294","unknown","D175_LUNG",13
"295","<1","D231_LUNG",0
"296","1~17","D231_LUNG",0
"297","15","D231_LUNG",0
"298","18~40","D231_LUNG",0
"299","41~54","D231_LUNG",0
"300","55~","D231_LUNG",0
"301","unknown","D231_LUNG",14
"302","<1","distal_1a_LUNG",0
"303","1~17","distal_1a_LUNG",0
"304","15","distal_1a_LUNG",0
"305","18~40","distal_1a_LUNG",0
"306","41~54","distal_1a_LUNG",0
"307","55~","distal_1a_LUNG",0
"308","unknown","distal_1a_LUNG",6
"309","<1","distal_1b_LUNG",0
"310","1~17","distal_1b_LUNG",0
"311","15","distal_1b_LUNG",0
"312","18~40","distal_1b_LUNG",0
"313","41~54","distal_1b_LUNG",0
"314","55~","distal_1b_LUNG",0
"315","unknown","distal_1b_LUNG",2
"316","<1","distal_2_LUNG",0
"317","1~17","distal_2_LUNG",0
"318","15","distal_2_LUNG",0
"319","18~40","distal_2_LUNG",0
"320","41~54","distal_2_LUNG",0
"321","55~","distal_2_LUNG",0
"322","unknown","distal_2_LUNG",2
"323","<1","distal_3_LUNG",0
"324","1~17","distal_3_LUNG",0
"325","15","distal_3_LUNG",0
"326","18~40","distal_3_LUNG",0
"327","41~54","distal_3_LUNG",0
"328","55~","distal_3_LUNG",0
"329","unknown","distal_3_LUNG",2
"330","<1","ERR8048258",24
"331","1~17","ERR8048258",0
"332","15","ERR8048258",0
"333","18~40","ERR8048258",0
"334","41~54","ERR8048258",0
"335","55~","ERR8048258",0
"336","unknown","ERR8048258",0
"337","<1","ERR8048273",154
"338","1~17","ERR8048273",0
"339","15","ERR8048273",0
"340","18~40","ERR8048273",0
"341","41~54","ERR8048273",0
"342","55~","ERR8048273",0
"343","unknown","ERR8048273",0
"344","<1","ERR8048274",78
"345","1~17","ERR8048274",0
"346","15","ERR8048274",0
"347","18~40","ERR8048274",0
"348","41~54","ERR8048274",0
"349","55~","ERR8048274",0
"350","unknown","ERR8048274",0
"351","<1","FetalLung_1",0
"352","1~17","FetalLung_1",0
"353","15","FetalLung_1",0
"354","18~40","FetalLung_1",0
"355","41~54","FetalLung_1",0
"356","55~","FetalLung_1",0
"357","unknown","FetalLung_1",4
"358","<1","FetalLung_2",0
"359","1~17","FetalLung_2",0
"360","15","FetalLung_2",0
"361","18~40","FetalLung_2",0
"362","41~54","FetalLung_2",0
"363","55~","FetalLung_2",0
"364","unknown","FetalLung_2",4
"365","<1","Fib_Atlas",0
"366","1~17","Fib_Atlas",0
"367","15","Fib_Atlas",0
"368","18~40","Fib_Atlas",0
"369","41~54","Fib_Atlas",0
"370","55~","Fib_Atlas",0
"371","unknown","Fib_Atlas",8
"372","<1","GSM3425686",0
"373","1~17","GSM3425686",0
"374","15","GSM3425686",0
"375","18~40","GSM3425686",0
"376","41~54","GSM3425686",0
"377","55~","GSM3425686",36
"378","unknown","GSM3425686",0
"379","<1","GSM3425687",0
"380","1~17","GSM3425687",0
"381","15","GSM3425687",0
"382","18~40","GSM3425687",0
"383","41~54","GSM3425687",0
"384","55~","GSM3425687",27
"385","unknown","GSM3425687",0
"386","<1","GSM3425692",0
"387","1~17","GSM3425692",0
"388","15","GSM3425692",0
"389","18~40","GSM3425692",0
"390","41~54","GSM3425692",76
"391","55~","GSM3425692",0
"392","unknown","GSM3425692",0
"393","<1","GSM3425693",0
"394","1~17","GSM3425693",0
"395","15","GSM3425693",0
"396","18~40","GSM3425693",0
"397","41~54","GSM3425693",42
"398","55~","GSM3425693",0
"399","unknown","GSM3425693",0
"400","<1","GSM3489182",0
"401","1~17","GSM3489182",0
"402","15","GSM3489182",0
"403","18~40","GSM3489182",0
"404","41~54","GSM3489182",0
"405","55~","GSM3489182",0
"406","unknown","GSM3489182",20
"407","<1","GSM3489185",0
"408","1~17","GSM3489185",0
"409","15","GSM3489185",0
"410","18~40","GSM3489185",0
"411","41~54","GSM3489185",0
"412","55~","GSM3489185",0
"413","unknown","GSM3489185",28
"414","<1","GSM3489187",0
"415","1~17","GSM3489187",0
"416","15","GSM3489187",0
"417","18~40","GSM3489187",0
"418","41~54","GSM3489187",0
"419","55~","GSM3489187",0
"420","unknown","GSM3489187",35
"421","<1","GSM3489189",0
"422","1~17","GSM3489189",0
"423","15","GSM3489189",0
"424","18~40","GSM3489189",0
"425","41~54","GSM3489189",0
"426","55~","GSM3489189",0
"427","unknown","GSM3489189",28
"428","<1","GSM3489191",0
"429","1~17","GSM3489191",0
"430","15","GSM3489191",0
"431","18~40","GSM3489191",0
"432","41~54","GSM3489191",0
"433","55~","GSM3489191",0
"434","unknown","GSM3489191",29
"435","<1","GSM3489193",0
"436","1~17","GSM3489193",0
"437","15","GSM3489193",0
"438","18~40","GSM3489193",0
"439","41~54","GSM3489193",0
"440","55~","GSM3489193",0
"441","unknown","GSM3489193",27
"442","<1","GSM3489195",0
"443","1~17","GSM3489195",0
"444","15","GSM3489195",0
"445","18~40","GSM3489195",0
"446","41~54","GSM3489195",0
"447","55~","GSM3489195",0
"448","unknown","GSM3489195",54
"449","<1","GSM3489197",0
"450","1~17","GSM3489197",0
"451","15","GSM3489197",0
"452","18~40","GSM3489197",0
"453","41~54","GSM3489197",0
"454","55~","GSM3489197",0
"455","unknown","GSM3489197",49
"456","<1","GSM3589406",0
"457","1~17","GSM3589406",0
"458","15","GSM3589406",0
"459","18~40","GSM3589406",0
"460","41~54","GSM3589406",0
"461","55~","GSM3589406",0
"462","unknown","GSM3589406",15
"463","<1","GSM3589407",0
"464","1~17","GSM3589407",0
"465","15","GSM3589407",0
"466","18~40","GSM3589407",0
"467","41~54","GSM3589407",0
"468","55~","GSM3589407",0
"469","unknown","GSM3589407",16
"470","<1","GSM3891620",0
"471","1~17","GSM3891620",0
"472","15","GSM3891620",0
"473","18~40","GSM3891620",0
"474","41~54","GSM3891620",0
"475","55~","GSM3891620",0
"476","unknown","GSM3891620",117
"477","<1","GSM3891621",0
"478","1~17","GSM3891621",0
"479","15","GSM3891621",0
"480","18~40","GSM3891621",0
"481","41~54","GSM3891621",0
"482","55~","GSM3891621",0
"483","unknown","GSM3891621",51
"484","<1","GSM3891622",0
"485","1~17","GSM3891622",0
"486","15","GSM3891622",0
"487","18~40","GSM3891622",0
"488","41~54","GSM3891622",0
"489","55~","GSM3891622",0
"490","unknown","GSM3891622",55
"491","<1","GSM3891623",0
"492","1~17","GSM3891623",0
"493","15","GSM3891623",0
"494","18~40","GSM3891623",0
"495","41~54","GSM3891623",0
"496","55~","GSM3891623",0
"497","unknown","GSM3891623",63
"498","<1","GSM3891624",0
"499","1~17","GSM3891624",0
"500","15","GSM3891624",0
"501","18~40","GSM3891624",0
"502","41~54","GSM3891624",0
"503","55~","GSM3891624",0
"504","unknown","GSM3891624",33
"505","<1","GSM3891625",0
"506","1~17","GSM3891625",0
"507","15","GSM3891625",0
"508","18~40","GSM3891625",0
"509","41~54","GSM3891625",0
"510","55~","GSM3891625",0
"511","unknown","GSM3891625",68
"512","<1","GSM3891632",0
"513","1~17","GSM3891632",0
"514","15","GSM3891632",0
"515","18~40","GSM3891632",0
"516","41~54","GSM3891632",0
"517","55~","GSM3891632",0
"518","unknown","GSM3891632",129
"519","<1","GSM3891633",0
"520","1~17","GSM3891633",0
"521","15","GSM3891633",0
"522","18~40","GSM3891633",0
"523","41~54","GSM3891633",0
"524","55~","GSM3891633",0
"525","unknown","GSM3891633",122
"526","<1","GSM3891634",0
"527","1~17","GSM3891634",0
"528","15","GSM3891634",0
"529","18~40","GSM3891634",0
"530","41~54","GSM3891634",0
"531","55~","GSM3891634",0
"532","unknown","GSM3891634",41
"533","<1","GSM3891635",0
"534","1~17","GSM3891635",0
"535","15","GSM3891635",0
"536","18~40","GSM3891635",0
"537","41~54","GSM3891635",0
"538","55~","GSM3891635",0
"539","unknown","GSM3891635",72
"540","<1","GSM3896324",0
"541","1~17","GSM3896324",0
"542","15","GSM3896324",0
"543","18~40","GSM3896324",0
"544","41~54","GSM3896324",0
"545","55~","GSM3896324",0
"546","unknown","GSM3896324",33
"547","<1","GSM3896325",0
"548","1~17","GSM3896325",0
"549","15","GSM3896325",0
"550","18~40","GSM3896325",0
"551","41~54","GSM3896325",0
"552","55~","GSM3896325",0
"553","unknown","GSM3896325",49
"554","<1","GSM3896326",0
"555","1~17","GSM3896326",0
"556","15","GSM3896326",0
"557","18~40","GSM3896326",0
"558","41~54","GSM3896326",0
"559","55~","GSM3896326",0
"560","unknown","GSM3896326",13
"561","<1","GSM4008628",0
"562","1~17","GSM4008628",0
"563","15","GSM4008628",0
"564","18~40","GSM4008628",0
"565","41~54","GSM4008628",0
"566","55~","GSM4008628",0
"567","unknown","GSM4008628",18
"568","<1","GSM4008629",0
"569","1~17","GSM4008629",0
"570","15","GSM4008629",0
"571","18~40","GSM4008629",0
"572","41~54","GSM4008629",0
"573","55~","GSM4008629",0
"574","unknown","GSM4008629",1
"575","<1","GSM4008630",0
"576","1~17","GSM4008630",0
"577","15","GSM4008630",0
"578","18~40","GSM4008630",0
"579","41~54","GSM4008630",0
"580","55~","GSM4008630",0
"581","unknown","GSM4008630",3
"582","<1","GSM4008631",0
"583","1~17","GSM4008631",0
"584","15","GSM4008631",0
"585","18~40","GSM4008631",0
"586","41~54","GSM4008631",0
"587","55~","GSM4008631",0
"588","unknown","GSM4008631",1
"589","<1","GSM4008632",0
"590","1~17","GSM4008632",0
"591","15","GSM4008632",0
"592","18~40","GSM4008632",0
"593","41~54","GSM4008632",0
"594","55~","GSM4008632",0
"595","unknown","GSM4008632",3
"596","<1","GSM4008633",0
"597","1~17","GSM4008633",0
"598","15","GSM4008633",0
"599","18~40","GSM4008633",0
"600","41~54","GSM4008633",0
"601","55~","GSM4008633",0
"602","unknown","GSM4008633",3
"603","<1","GSM4037301",0
"604","1~17","GSM4037301",0
"605","15","GSM4037301",0
"606","18~40","GSM4037301",0
"607","41~54","GSM4037301",0
"608","55~","GSM4037301",0
"609","unknown","GSM4037301",45
"610","<1","GSM4037302",0
"611","1~17","GSM4037302",0
"612","15","GSM4037302",0
"613","18~40","GSM4037302",0
"614","41~54","GSM4037302",0
"615","55~","GSM4037302",0
"616","unknown","GSM4037302",46
"617","<1","GSM4037305",0
"618","1~17","GSM4037305",0
"619","15","GSM4037305",0
"620","18~40","GSM4037305",0
"621","41~54","GSM4037305",0
"622","55~","GSM4037305",0
"623","unknown","GSM4037305",103
"624","<1","GSM4037306",0
"625","1~17","GSM4037306",0
"626","15","GSM4037306",0
"627","18~40","GSM4037306",0
"628","41~54","GSM4037306",0
"629","55~","GSM4037306",0
"630","unknown","GSM4037306",46
"631","<1","GSM4037309",0
"632","1~17","GSM4037309",0
"633","15","GSM4037309",0
"634","18~40","GSM4037309",0
"635","41~54","GSM4037309",0
"636","55~","GSM4037309",0
"637","unknown","GSM4037309",13
"638","<1","GSM4037313",0
"639","1~17","GSM4037313",0
"640","15","GSM4037313",0
"641","18~40","GSM4037313",0
"642","41~54","GSM4037313",0
"643","55~","GSM4037313",0
"644","unknown","GSM4037313",34
"645","<1","GSM4037316",0
"646","1~17","GSM4037316",0
"647","15","GSM4037316",0
"648","18~40","GSM4037316",0
"649","41~54","GSM4037316",0
"650","55~","GSM4037316",0
"651","unknown","GSM4037316",22
"652","<1","GSM4037323",0
"653","1~17","GSM4037323",0
"654","15","GSM4037323",0
"655","18~40","GSM4037323",0
"656","41~54","GSM4037323",0
"657","55~","GSM4037323",0
"658","unknown","GSM4037323",14
"659","<1","GSM4037324",0
"660","1~17","GSM4037324",0
"661","15","GSM4037324",0
"662","18~40","GSM4037324",0
"663","41~54","GSM4037324",0
"664","55~","GSM4037324",0
"665","unknown","GSM4037324",35
"666","<1","GSM4037325",0
"667","1~17","GSM4037325",0
"668","15","GSM4037325",0
"669","18~40","GSM4037325",0
"670","41~54","GSM4037325",0
"671","55~","GSM4037325",0
"672","unknown","GSM4037325",44
"673","<1","GSM4058901",0
"674","1~17","GSM4058901",0
"675","15","GSM4058901",0
"676","18~40","GSM4058901",13
"677","41~54","GSM4058901",0
"678","55~","GSM4058901",0
"679","unknown","GSM4058901",0
"680","<1","GSM4058904",0
"681","1~17","GSM4058904",0
"682","15","GSM4058904",0
"683","18~40","GSM4058904",152
"684","41~54","GSM4058904",0
"685","55~","GSM4058904",0
"686","unknown","GSM4058904",0
"687","<1","GSM4058905",0
"688","1~17","GSM4058905",0
"689","15","GSM4058905",0
"690","18~40","GSM4058905",0
"691","41~54","GSM4058905",3
"692","55~","GSM4058905",0
"693","unknown","GSM4058905",0
"694","<1","GSM4058907",0
"695","1~17","GSM4058907",0
"696","15","GSM4058907",0
"697","18~40","GSM4058907",0
"698","41~54","GSM4058907",0
"699","55~","GSM4058907",36
"700","unknown","GSM4058907",0
"701","<1","GSM4058908",0
"702","1~17","GSM4058908",0
"703","15","GSM4058908",0
"704","18~40","GSM4058908",11
"705","41~54","GSM4058908",0
"706","55~","GSM4058908",0
"707","unknown","GSM4058908",0
"708","<1","GSM4058909",0
"709","1~17","GSM4058909",0
"710","15","GSM4058909",0
"711","18~40","GSM4058909",0
"712","41~54","GSM4058909",0
"713","55~","GSM4058909",42
"714","unknown","GSM4058909",0
"715","<1","GSM4058913",0
"716","1~17","GSM4058913",0
"717","15","GSM4058913",0
"718","18~40","GSM4058913",93
"719","41~54","GSM4058913",0
"720","55~","GSM4058913",0
"721","unknown","GSM4058913",0
"722","<1","GSM4058914",0
"723","1~17","GSM4058914",0
"724","15","GSM4058914",0
"725","18~40","GSM4058914",0
"726","41~54","GSM4058914",0
"727","55~","GSM4058914",91
"728","unknown","GSM4058914",0
"729","<1","GSM4058915",0
"730","1~17","GSM4058915",0
"731","15","GSM4058915",0
"732","18~40","GSM4058915",0
"733","41~54","GSM4058915",0
"734","55~","GSM4058915",18
"735","unknown","GSM4058915",0
"736","<1","GSM4058916",0
"737","1~17","GSM4058916",0
"738","15","GSM4058916",0
"739","18~40","GSM4058916",0
"740","41~54","GSM4058916",0
"741","55~","GSM4058916",21
"742","unknown","GSM4058916",0
"743","<1","GSM4058917",0
"744","1~17","GSM4058917",0
"745","15","GSM4058917",0
"746","18~40","GSM4058917",0
"747","41~54","GSM4058917",0
"748","55~","GSM4058917",166
"749","unknown","GSM4058917",0
"750","<1","GSM4058918",0
"751","1~17","GSM4058918",0
"752","15","GSM4058918",0
"753","18~40","GSM4058918",22
"754","41~54","GSM4058918",0
"755","55~","GSM4058918",0
"756","unknown","GSM4058918",0
"757","<1","GSM4058919",0
"758","1~17","GSM4058919",0
"759","15","GSM4058919",0
"760","18~40","GSM4058919",20
"761","41~54","GSM4058919",0
"762","55~","GSM4058919",0
"763","unknown","GSM4058919",0
"764","<1","GSM4058920",0
"765","1~17","GSM4058920",0
"766","15","GSM4058920",0
"767","18~40","GSM4058920",5
"768","41~54","GSM4058920",0
"769","55~","GSM4058920",0
"770","unknown","GSM4058920",0
"771","<1","GSM4058921",0
"772","1~17","GSM4058921",0
"773","15","GSM4058921",0
"774","18~40","GSM4058921",0
"775","41~54","GSM4058921",0
"776","55~","GSM4058921",42
"777","unknown","GSM4058921",0
"778","<1","GSM4058922",0
"779","1~17","GSM4058922",0
"780","15","GSM4058922",0
"781","18~40","GSM4058922",0
"782","41~54","GSM4058922",19
"783","55~","GSM4058922",0
"784","unknown","GSM4058922",0
"785","<1","GSM4058923",0
"786","1~17","GSM4058923",0
"787","15","GSM4058923",0
"788","18~40","GSM4058923",0
"789","41~54","GSM4058923",0
"790","55~","GSM4058923",16
"791","unknown","GSM4058923",0
"792","<1","GSM4058924",0
"793","1~17","GSM4058924",0
"794","15","GSM4058924",0
"795","18~40","GSM4058924",21
"796","41~54","GSM4058924",0
"797","55~","GSM4058924",0
"798","unknown","GSM4058924",0
"799","<1","GSM4058925",0
"800","1~17","GSM4058925",0
"801","15","GSM4058925",0
"802","18~40","GSM4058925",3
"803","41~54","GSM4058925",0
"804","55~","GSM4058925",0
"805","unknown","GSM4058925",0
"806","<1","GSM4058926",0
"807","1~17","GSM4058926",0
"808","15","GSM4058926",0
"809","18~40","GSM4058926",0
"810","41~54","GSM4058926",3
"811","55~","GSM4058926",0
"812","unknown","GSM4058926",0
"813","<1","GSM4058927",0
"814","1~17","GSM4058927",0
"815","15","GSM4058927",0
"816","18~40","GSM4058927",0
"817","41~54","GSM4058927",39
"818","55~","GSM4058927",0
"819","unknown","GSM4058927",0
"820","<1","GSM4058928",0
"821","1~17","GSM4058928",0
"822","15","GSM4058928",0
"823","18~40","GSM4058928",0
"824","41~54","GSM4058928",0
"825","55~","GSM4058928",85
"826","unknown","GSM4058928",0
"827","<1","GSM4058931",0
"828","1~17","GSM4058931",0
"829","15","GSM4058931",0
"830","18~40","GSM4058931",0
"831","41~54","GSM4058931",0
"832","55~","GSM4058931",80
"833","unknown","GSM4058931",0
"834","<1","GSM4058932",0
"835","1~17","GSM4058932",0
"836","15","GSM4058932",0
"837","18~40","GSM4058932",0
"838","41~54","GSM4058932",0
"839","55~","GSM4058932",35
"840","unknown","GSM4058932",0
"841","<1","GSM4058933",0
"842","1~17","GSM4058933",0
"843","15","GSM4058933",0
"844","18~40","GSM4058933",0
"845","41~54","GSM4058933",0
"846","55~","GSM4058933",179
"847","unknown","GSM4058933",0
"848","<1","GSM4058934",0
"849","1~17","GSM4058934",0
"850","15","GSM4058934",0
"851","18~40","GSM4058934",0
"852","41~54","GSM4058934",0
"853","55~","GSM4058934",72
"854","unknown","GSM4058934",0
"855","<1","GSM4058935",0
"856","1~17","GSM4058935",0
"857","15","GSM4058935",0
"858","18~40","GSM4058935",0
"859","41~54","GSM4058935",0
"860","55~","GSM4058935",119
"861","unknown","GSM4058935",0
"862","<1","GSM4058936",0
"863","1~17","GSM4058936",0
"864","15","GSM4058936",0
"865","18~40","GSM4058936",0
"866","41~54","GSM4058936",0
"867","55~","GSM4058936",28
"868","unknown","GSM4058936",0
"869","<1","GSM4058937",0
"870","1~17","GSM4058937",0
"871","15","GSM4058937",0
"872","18~40","GSM4058937",0
"873","41~54","GSM4058937",0
"874","55~","GSM4058937",65
"875","unknown","GSM4058937",0
"876","<1","GSM4058938",0
"877","1~17","GSM4058938",0
"878","15","GSM4058938",0
"879","18~40","GSM4058938",0
"880","41~54","GSM4058938",0
"881","55~","GSM4058938",57
"882","unknown","GSM4058938",0
"883","<1","GSM4058939",0
"884","1~17","GSM4058939",0
"885","15","GSM4058939",0
"886","18~40","GSM4058939",0
"887","41~54","GSM4058939",0
"888","55~","GSM4058939",112
"889","unknown","GSM4058939",0
"890","<1","GSM4058940",0
"891","1~17","GSM4058940",0
"892","15","GSM4058940",0
"893","18~40","GSM4058940",0
"894","41~54","GSM4058940",0
"895","55~","GSM4058940",149
"896","unknown","GSM4058940",0
"897","<1","GSM4058941",0
"898","1~17","GSM4058941",0
"899","15","GSM4058941",0
"900","18~40","GSM4058941",0
"901","41~54","GSM4058941",0
"902","55~","GSM4058941",47
"903","unknown","GSM4058941",0
"904","<1","GSM4058942",0
"905","1~17","GSM4058942",0
"906","15","GSM4058942",0
"907","18~40","GSM4058942",0
"908","41~54","GSM4058942",0
"909","55~","GSM4058942",16
"910","unknown","GSM4058942",0
"911","<1","GSM4058947",0
"912","1~17","GSM4058947",0
"913","15","GSM4058947",0
"914","18~40","GSM4058947",0
"915","41~54","GSM4058947",0
"916","55~","GSM4058947",66
"917","unknown","GSM4058947",0
"918","<1","GSM4058949",0
"919","1~17","GSM4058949",0
"920","15","GSM4058949",0
"921","18~40","GSM4058949",0
"922","41~54","GSM4058949",0
"923","55~","GSM4058949",116
"924","unknown","GSM4058949",0
"925","<1","GSM4058953",0
"926","1~17","GSM4058953",0
"927","15","GSM4058953",0
"928","18~40","GSM4058953",0
"929","41~54","GSM4058953",0
"930","55~","GSM4058953",182
"931","unknown","GSM4058953",0
"932","<1","GSM4058956",0
"933","1~17","GSM4058956",0
"934","15","GSM4058956",0
"935","18~40","GSM4058956",0
"936","41~54","GSM4058956",0
"937","55~","GSM4058956",81
"938","unknown","GSM4058956",0
"939","<1","GSM4058957",0
"940","1~17","GSM4058957",0
"941","15","GSM4058957",0
"942","18~40","GSM4058957",0
"943","41~54","GSM4058957",0
"944","55~","GSM4058957",118
"945","unknown","GSM4058957",0
"946","<1","GSM4058962",0
"947","1~17","GSM4058962",0
"948","15","GSM4058962",0
"949","18~40","GSM4058962",0
"950","41~54","GSM4058962",0
"951","55~","GSM4058962",87
"952","unknown","GSM4058962",0
"953","<1","GSM4058963",0
"954","1~17","GSM4058963",0
"955","15","GSM4058963",0
"956","18~40","GSM4058963",0
"957","41~54","GSM4058963",0
"958","55~","GSM4058963",7
"959","unknown","GSM4058963",0
"960","<1","GSM4058971",0
"961","1~17","GSM4058971",0
"962","15","GSM4058971",0
"963","18~40","GSM4058971",0
"964","41~54","GSM4058971",0
"965","55~","GSM4058971",114
"966","unknown","GSM4058971",0
"967","<1","GSM4058973",0
"968","1~17","GSM4058973",0
"969","15","GSM4058973",0
"970","18~40","GSM4058973",0
"971","41~54","GSM4058973",0
"972","55~","GSM4058973",37
"973","unknown","GSM4058973",0
"974","<1","GSM4058975",0
"975","1~17","GSM4058975",0
"976","15","GSM4058975",0
"977","18~40","GSM4058975",0
"978","41~54","GSM4058975",0
"979","55~","GSM4058975",103
"980","unknown","GSM4058975",0
"981","<1","GSM4058976",0
"982","1~17","GSM4058976",0
"983","15","GSM4058976",0
"984","18~40","GSM4058976",0
"985","41~54","GSM4058976",0
"986","55~","GSM4058976",45
"987","unknown","GSM4058976",0
"988","<1","GSM4058977",0
"989","1~17","GSM4058977",0
"990","15","GSM4058977",0
"991","18~40","GSM4058977",0
"992","41~54","GSM4058977",0
"993","55~","GSM4058977",206
"994","unknown","GSM4058977",0
"995","<1","GSM4065876",0
"996","1~17","GSM4065876",8
"997","15","GSM4065876",0
"998","18~40","GSM4065876",0
"999","41~54","GSM4065876",0
"1000","55~","GSM4065876",0
"1001","unknown","GSM4065876",0
"1002","<1","GSM4065877",0
"1003","1~17","GSM4065877",9
"1004","15","GSM4065877",0
"1005","18~40","GSM4065877",0
"1006","41~54","GSM4065877",0
"1007","55~","GSM4065877",0
"1008","unknown","GSM4065877",0
"1009","<1","GSM4065878",0
"1010","1~17","GSM4065878",0
"1011","15","GSM4065878",0
"1012","18~40","GSM4065878",30
"1013","41~54","GSM4065878",0
"1014","55~","GSM4065878",0
"1015","unknown","GSM4065878",0
"1016","<1","GSM4065879",0
"1017","1~17","GSM4065879",0
"1018","15","GSM4065879",0
"1019","18~40","GSM4065879",22
"1020","41~54","GSM4065879",0
"1021","55~","GSM4065879",0
"1022","unknown","GSM4065879",0
"1023","<1","GSM4143262",0
"1024","1~17","GSM4143262",0
"1025","15","GSM4143262",0
"1026","18~40","GSM4143262",0
"1027","41~54","GSM4143262",0
"1028","55~","GSM4143262",142
"1029","unknown","GSM4143262",0
"1030","<1","GSM4143263",0
"1031","1~17","GSM4143263",0
"1032","15","GSM4143263",0
"1033","18~40","GSM4143263",0
"1034","41~54","GSM4143263",0
"1035","55~","GSM4143263",123
"1036","unknown","GSM4143263",0
"1037","<1","GSM4143656",0
"1038","1~17","GSM4143656",0
"1039","15","GSM4143656",0
"1040","18~40","GSM4143656",0
"1041","41~54","GSM4143656",0
"1042","55~","GSM4143656",0
"1043","unknown","GSM4143656",11
"1044","<1","GSM4143658",0
"1045","1~17","GSM4143658",0
"1046","15","GSM4143658",0
"1047","18~40","GSM4143658",0
"1048","41~54","GSM4143658",0
"1049","55~","GSM4143658",0
"1050","unknown","GSM4143658",13
"1051","<1","GSM4143660",0
"1052","1~17","GSM4143660",0
"1053","15","GSM4143660",0
"1054","18~40","GSM4143660",0
"1055","41~54","GSM4143660",0
"1056","55~","GSM4143660",0
"1057","unknown","GSM4143660",57
"1058","<1","GSM4143662",0
"1059","1~17","GSM4143662",0
"1060","15","GSM4143662",0
"1061","18~40","GSM4143662",0
"1062","41~54","GSM4143662",0
"1063","55~","GSM4143662",0
"1064","unknown","GSM4143662",2
"1065","<1","GSM4143664",0
"1066","1~17","GSM4143664",0
"1067","15","GSM4143664",0
"1068","18~40","GSM4143664",0
"1069","41~54","GSM4143664",0
"1070","55~","GSM4143664",0
"1071","unknown","GSM4143664",46
"1072","<1","GSM4143666",0
"1073","1~17","GSM4143666",0
"1074","15","GSM4143666",0
"1075","18~40","GSM4143666",0
"1076","41~54","GSM4143666",0
"1077","55~","GSM4143666",0
"1078","unknown","GSM4143666",55
"1079","<1","GSM4321402",0
"1080","1~17","GSM4321402",0
"1081","15","GSM4321402",0
"1082","18~40","GSM4321402",0
"1083","41~54","GSM4321402",25
"1084","55~","GSM4321402",0
"1085","unknown","GSM4321402",0
"1086","<1","GSM4321403",0
"1087","1~17","GSM4321403",0
"1088","15","GSM4321403",0
"1089","18~40","GSM4321403",0
"1090","41~54","GSM4321403",15
"1091","55~","GSM4321403",0
"1092","unknown","GSM4321403",0
"1093","<1","GSM4321404",0
"1094","1~17","GSM4321404",0
"1095","15","GSM4321404",0
"1096","18~40","GSM4321404",0
"1097","41~54","GSM4321404",26
"1098","55~","GSM4321404",0
"1099","unknown","GSM4321404",0
"1100","<1","GSM4321405",0
"1101","1~17","GSM4321405",0
"1102","15","GSM4321405",0
"1103","18~40","GSM4321405",0
"1104","41~54","GSM4321405",8
"1105","55~","GSM4321405",0
"1106","unknown","GSM4321405",0
"1107","<1","GSM4544005",0
"1108","1~17","GSM4544005",0
"1109","15","GSM4544005",0
"1110","18~40","GSM4544005",0
"1111","41~54","GSM4544005",0
"1112","55~","GSM4544005",0
"1113","unknown","GSM4544005",40
"1114","<1","GSM4544006",0
"1115","1~17","GSM4544006",0
"1116","15","GSM4544006",0
"1117","18~40","GSM4544006",0
"1118","41~54","GSM4544006",0
"1119","55~","GSM4544006",0
"1120","unknown","GSM4544006",43
"1121","<1","GSM4544007",0
"1122","1~17","GSM4544007",0
"1123","15","GSM4544007",0
"1124","18~40","GSM4544007",0
"1125","41~54","GSM4544007",0
"1126","55~","GSM4544007",0
"1127","unknown","GSM4544007",57
"1128","<1","GSM4763859",0
"1129","1~17","GSM4763859",0
"1130","15","GSM4763859",0
"1131","18~40","GSM4763859",0
"1132","41~54","GSM4763859",0
"1133","55~","GSM4763859",0
"1134","unknown","GSM4763859",14
"1135","<1","GSM4763860",0
"1136","1~17","GSM4763860",0
"1137","15","GSM4763860",0
"1138","18~40","GSM4763860",0
"1139","41~54","GSM4763860",0
"1140","55~","GSM4763860",0
"1141","unknown","GSM4763860",9
"1142","<1","GSM4763861",0
"1143","1~17","GSM4763861",0
"1144","15","GSM4763861",0
"1145","18~40","GSM4763861",0
"1146","41~54","GSM4763861",0
"1147","55~","GSM4763861",0
"1148","unknown","GSM4763861",4
"1149","<1","GSM4763862",0
"1150","1~17","GSM4763862",0
"1151","15","GSM4763862",0
"1152","18~40","GSM4763862",0
"1153","41~54","GSM4763862",0
"1154","55~","GSM4763862",0
"1155","unknown","GSM4763862",1
"1156","<1","GSM4763863",0
"1157","1~17","GSM4763863",0
"1158","15","GSM4763863",0
"1159","18~40","GSM4763863",0
"1160","41~54","GSM4763863",0
"1161","55~","GSM4763863",0
"1162","unknown","GSM4763863",4
"1163","<1","GSM4816089",0
"1164","1~17","GSM4816089",0
"1165","15","GSM4816089",0
"1166","18~40","GSM4816089",0
"1167","41~54","GSM4816089",0
"1168","55~","GSM4816089",0
"1169","unknown","GSM4816089",141
"1170","<1","GSM4876617",0
"1171","1~17","GSM4876617",0
"1172","15","GSM4876617",0
"1173","18~40","GSM4876617",15
"1174","41~54","GSM4876617",0
"1175","55~","GSM4876617",0
"1176","unknown","GSM4876617",0
"1177","<1","GSM4876620",0
"1178","1~17","GSM4876620",0
"1179","15","GSM4876620",0
"1180","18~40","GSM4876620",0
"1181","41~54","GSM4876620",0
"1182","55~","GSM4876620",13
"1183","unknown","GSM4876620",0
"1184","<1","GSM5100998",0
"1185","1~17","GSM5100998",0
"1186","15","GSM5100998",0
"1187","18~40","GSM5100998",0
"1188","41~54","GSM5100998",0
"1189","55~","GSM5100998",0
"1190","unknown","GSM5100998",152
"1191","<1","GSM5100999",0
"1192","1~17","GSM5100999",0
"1193","15","GSM5100999",0
"1194","18~40","GSM5100999",0
"1195","41~54","GSM5100999",0
"1196","55~","GSM5100999",0
"1197","unknown","GSM5100999",82
"1198","<1","GSM5101000",0
"1199","1~17","GSM5101000",0
"1200","15","GSM5101000",0
"1201","18~40","GSM5101000",0
"1202","41~54","GSM5101000",0
"1203","55~","GSM5101000",0
"1204","unknown","GSM5101000",78
"1205","<1","GSM5133588",0
"1206","1~17","GSM5133588",0
"1207","15","GSM5133588",0
"1208","18~40","GSM5133588",0
"1209","41~54","GSM5133588",0
"1210","55~","GSM5133588",339
"1211","unknown","GSM5133588",0
"1212","<1","GSM5133589",0
"1213","1~17","GSM5133589",0
"1214","15","GSM5133589",0
"1215","18~40","GSM5133589",0
"1216","41~54","GSM5133589",0
"1217","55~","GSM5133589",328
"1218","unknown","GSM5133589",0
"1219","<1","GSM5133590",0
"1220","1~17","GSM5133590",0
"1221","15","GSM5133590",0
"1222","18~40","GSM5133590",0
"1223","41~54","GSM5133590",0
"1224","55~","GSM5133590",178
"1225","unknown","GSM5133590",0
"1226","<1","GSM5133591",0
"1227","1~17","GSM5133591",0
"1228","15","GSM5133591",0
"1229","18~40","GSM5133591",0
"1230","41~54","GSM5133591",0
"1231","55~","GSM5133591",153
"1232","unknown","GSM5133591",0
"1233","<1","GSM5133592",0
"1234","1~17","GSM5133592",0
"1235","15","GSM5133592",0
"1236","18~40","GSM5133592",0
"1237","41~54","GSM5133592",0
"1238","55~","GSM5133592",153
"1239","unknown","GSM5133592",0
"1240","<1","GSM5133593",0
"1241","1~17","GSM5133593",0
"1242","15","GSM5133593",0
"1243","18~40","GSM5133593",0
"1244","41~54","GSM5133593",0
"1245","55~","GSM5133593",95
"1246","unknown","GSM5133593",0
"1247","<1","GSM5133594",0
"1248","1~17","GSM5133594",0
"1249","15","GSM5133594",0
"1250","18~40","GSM5133594",0
"1251","41~54","GSM5133594",0
"1252","55~","GSM5133594",221
"1253","unknown","GSM5133594",0
"1254","<1","GSM5133595",0
"1255","1~17","GSM5133595",0
"1256","15","GSM5133595",0
"1257","18~40","GSM5133595",0
"1258","41~54","GSM5133595",105
"1259","55~","GSM5133595",0
"1260","unknown","GSM5133595",0
"1261","<1","GSM5133596",0
"1262","1~17","GSM5133596",0
"1263","15","GSM5133596",0
"1264","18~40","GSM5133596",0
"1265","41~54","GSM5133596",68
"1266","55~","GSM5133596",0
"1267","unknown","GSM5133596",0
"1268","<1","GSM5133597",0
"1269","1~17","GSM5133597",0
"1270","15","GSM5133597",0
"1271","18~40","GSM5133597",67
"1272","41~54","GSM5133597",0
"1273","55~","GSM5133597",0
"1274","unknown","GSM5133597",0
"1275","<1","GSM5133598",0
"1276","1~17","GSM5133598",0
"1277","15","GSM5133598",0
"1278","18~40","GSM5133598",63
"1279","41~54","GSM5133598",0
"1280","55~","GSM5133598",0
"1281","unknown","GSM5133598",0
"1282","<1","GSM5133599",0
"1283","1~17","GSM5133599",0
"1284","15","GSM5133599",0
"1285","18~40","GSM5133599",0
"1286","41~54","GSM5133599",0
"1287","55~","GSM5133599",105
"1288","unknown","GSM5133599",0
"1289","<1","GSM5133600",0
"1290","1~17","GSM5133600",0
"1291","15","GSM5133600",0
"1292","18~40","GSM5133600",0
"1293","41~54","GSM5133600",0
"1294","55~","GSM5133600",93
"1295","unknown","GSM5133600",0
"1296","<1","GSM5133601",0
"1297","1~17","GSM5133601",0
"1298","15","GSM5133601",0
"1299","18~40","GSM5133601",0
"1300","41~54","GSM5133601",0
"1301","55~","GSM5133601",71
"1302","unknown","GSM5133601",0
"1303","<1","GSM5133602",0
"1304","1~17","GSM5133602",0
"1305","15","GSM5133602",0
"1306","18~40","GSM5133602",0
"1307","41~54","GSM5133602",0
"1308","55~","GSM5133602",83
"1309","unknown","GSM5133602",0
"1310","<1","GSM5133603",0
"1311","1~17","GSM5133603",0
"1312","15","GSM5133603",0
"1313","18~40","GSM5133603",71
"1314","41~54","GSM5133603",0
"1315","55~","GSM5133603",0
"1316","unknown","GSM5133603",0
"1317","<1","GSM5133604",0
"1318","1~17","GSM5133604",0
"1319","15","GSM5133604",0
"1320","18~40","GSM5133604",123
"1321","41~54","GSM5133604",0
"1322","55~","GSM5133604",0
"1323","unknown","GSM5133604",0
"1324","<1","GSM5133605",0
"1325","1~17","GSM5133605",0
"1326","15","GSM5133605",0
"1327","18~40","GSM5133605",0
"1328","41~54","GSM5133605",87
"1329","55~","GSM5133605",0
"1330","unknown","GSM5133605",0
"1331","<1","GSM5133606",0
"1332","1~17","GSM5133606",0
"1333","15","GSM5133606",0
"1334","18~40","GSM5133606",0
"1335","41~54","GSM5133606",117
"1336","55~","GSM5133606",0
"1337","unknown","GSM5133606",0
"1338","<1","GSM5206782",0
"1339","1~17","GSM5206782",0
"1340","15","GSM5206782",0
"1341","18~40","GSM5206782",0
"1342","41~54","GSM5206782",0
"1343","55~","GSM5206782",8
"1344","unknown","GSM5206782",0
"1345","<1","GSM5206783",0
"1346","1~17","GSM5206783",0
"1347","15","GSM5206783",0
"1348","18~40","GSM5206783",0
"1349","41~54","GSM5206783",0
"1350","55~","GSM5206783",7
"1351","unknown","GSM5206783",0
"1352","<1","GSM5206784",0
"1353","1~17","GSM5206784",0
"1354","15","GSM5206784",0
"1355","18~40","GSM5206784",0
"1356","41~54","GSM5206784",0
"1357","55~","GSM5206784",11
"1358","unknown","GSM5206784",0
"1359","<1","GSM5226574",0
"1360","1~17","GSM5226574",0
"1361","15","GSM5226574",0
"1362","18~40","GSM5226574",0
"1363","41~54","GSM5226574",0
"1364","55~","GSM5226574",59
"1365","unknown","GSM5226574",0
"1366","<1","GSM5226575",0
"1367","1~17","GSM5226575",0
"1368","15","GSM5226575",0
"1369","18~40","GSM5226575",0
"1370","41~54","GSM5226575",0
"1371","55~","GSM5226575",40
"1372","unknown","GSM5226575",0
"1373","<1","GSM5226576",0
"1374","1~17","GSM5226576",0
"1375","15","GSM5226576",0
"1376","18~40","GSM5226576",0
"1377","41~54","GSM5226576",0
"1378","55~","GSM5226576",84
"1379","unknown","GSM5226576",0
"1380","<1","GSM5226577",0
"1381","1~17","GSM5226577",0
"1382","15","GSM5226577",0
"1383","18~40","GSM5226577",0
"1384","41~54","GSM5226577",0
"1385","55~","GSM5226577",31
"1386","unknown","GSM5226577",0
"1387","<1","GSM5226578",0
"1388","1~17","GSM5226578",0
"1389","15","GSM5226578",0
"1390","18~40","GSM5226578",0
"1391","41~54","GSM5226578",0
"1392","55~","GSM5226578",39
"1393","unknown","GSM5226578",0
"1394","<1","GSM5226579",0
"1395","1~17","GSM5226579",0
"1396","15","GSM5226579",0
"1397","18~40","GSM5226579",0
"1398","41~54","GSM5226579",0
"1399","55~","GSM5226579",17
"1400","unknown","GSM5226579",0
"1401","<1","GSM5226580",0
"1402","1~17","GSM5226580",0
"1403","15","GSM5226580",0
"1404","18~40","GSM5226580",0
"1405","41~54","GSM5226580",0
"1406","55~","GSM5226580",36
"1407","unknown","GSM5226580",0
"1408","<1","GSM5282537",0
"1409","1~17","GSM5282537",0
"1410","15","GSM5282537",0
"1411","18~40","GSM5282537",0
"1412","41~54","GSM5282537",0
"1413","55~","GSM5282537",424
"1414","unknown","GSM5282537",0
"1415","<1","GSM5282538",0
"1416","1~17","GSM5282538",0
"1417","15","GSM5282538",0
"1418","18~40","GSM5282538",0
"1419","41~54","GSM5282538",0
"1420","55~","GSM5282538",79
"1421","unknown","GSM5282538",0
"1422","<1","GSM5282539",0
"1423","1~17","GSM5282539",0
"1424","15","GSM5282539",0
"1425","18~40","GSM5282539",0
"1426","41~54","GSM5282539",0
"1427","55~","GSM5282539",104
"1428","unknown","GSM5282539",0
"1429","<1","GSM5282540",0
"1430","1~17","GSM5282540",0
"1431","15","GSM5282540",0
"1432","18~40","GSM5282540",0
"1433","41~54","GSM5282540",0
"1434","55~","GSM5282540",85
"1435","unknown","GSM5282540",0
"1436","<1","GSM5282541",0
"1437","1~17","GSM5282541",0
"1438","15","GSM5282541",0
"1439","18~40","GSM5282541",0
"1440","41~54","GSM5282541",0
"1441","55~","GSM5282541",134
"1442","unknown","GSM5282541",0
"1443","<1","GSM5282542",0
"1444","1~17","GSM5282542",0
"1445","15","GSM5282542",0
"1446","18~40","GSM5282542",0
"1447","41~54","GSM5282542",0
"1448","55~","GSM5282542",42
"1449","unknown","GSM5282542",0
"1450","<1","GSM5282543",0
"1451","1~17","GSM5282543",0
"1452","15","GSM5282543",0
"1453","18~40","GSM5282543",0
"1454","41~54","GSM5282543",7
"1455","55~","GSM5282543",0
"1456","unknown","GSM5282543",0
"1457","<1","GSM5282544",0
"1458","1~17","GSM5282544",0
"1459","15","GSM5282544",0
"1460","18~40","GSM5282544",0
"1461","41~54","GSM5282544",0
"1462","55~","GSM5282544",125
"1463","unknown","GSM5282544",0
"1464","<1","GSM5282545",0
"1465","1~17","GSM5282545",0
"1466","15","GSM5282545",0
"1467","18~40","GSM5282545",0
"1468","41~54","GSM5282545",0
"1469","55~","GSM5282545",202
"1470","unknown","GSM5282545",0
"1471","<1","GSM5282546",0
"1472","1~17","GSM5282546",0
"1473","15","GSM5282546",0
"1474","18~40","GSM5282546",0
"1475","41~54","GSM5282546",0
"1476","55~","GSM5282546",49
"1477","unknown","GSM5282546",0
"1478","<1","GSM5282547",0
"1479","1~17","GSM5282547",0
"1480","15","GSM5282547",0
"1481","18~40","GSM5282547",0
"1482","41~54","GSM5282547",0
"1483","55~","GSM5282547",67
"1484","unknown","GSM5282547",0
"1485","<1","GSM5282548",0
"1486","1~17","GSM5282548",0
"1487","15","GSM5282548",0
"1488","18~40","GSM5282548",69
"1489","41~54","GSM5282548",0
"1490","55~","GSM5282548",0
"1491","unknown","GSM5282548",0
"1492","<1","GSM5501481",0
"1493","1~17","GSM5501481",0
"1494","15","GSM5501481",0
"1495","18~40","GSM5501481",0
"1496","41~54","GSM5501481",0
"1497","55~","GSM5501481",0
"1498","unknown","GSM5501481",119
"1499","<1","GSM5501482",0
"1500","1~17","GSM5501482",0
"1501","15","GSM5501482",0
"1502","18~40","GSM5501482",0
"1503","41~54","GSM5501482",0
"1504","55~","GSM5501482",0
"1505","unknown","GSM5501482",22
"1506","<1","GSM5870246",0
"1507","1~17","GSM5870246",0
"1508","15","GSM5870246",0
"1509","18~40","GSM5870246",0
"1510","41~54","GSM5870246",0
"1511","55~","GSM5870246",0
"1512","unknown","GSM5870246",81
"1513","<1","GSM5870247",0
"1514","1~17","GSM5870247",0
"1515","15","GSM5870247",0
"1516","18~40","GSM5870247",0
"1517","41~54","GSM5870247",0
"1518","55~","GSM5870247",0
"1519","unknown","GSM5870247",11
"1520","<1","GSM5870248",0
"1521","1~17","GSM5870248",0
"1522","15","GSM5870248",0
"1523","18~40","GSM5870248",0
"1524","41~54","GSM5870248",0
"1525","55~","GSM5870248",0
"1526","unknown","GSM5870248",104
"1527","<1","GSM5870249",0
"1528","1~17","GSM5870249",0
"1529","15","GSM5870249",0
"1530","18~40","GSM5870249",0
"1531","41~54","GSM5870249",0
"1532","55~","GSM5870249",0
"1533","unknown","GSM5870249",21
"1534","<1","GSM5870251",0
"1535","1~17","GSM5870251",0
"1536","15","GSM5870251",0
"1537","18~40","GSM5870251",0
"1538","41~54","GSM5870251",0
"1539","55~","GSM5870251",0
"1540","unknown","GSM5870251",38
"1541","<1","GSM5870252",0
"1542","1~17","GSM5870252",0
"1543","15","GSM5870252",0
"1544","18~40","GSM5870252",0
"1545","41~54","GSM5870252",0
"1546","55~","GSM5870252",0
"1547","unknown","GSM5870252",18
"1548","<1","GSM5870253",0
"1549","1~17","GSM5870253",0
"1550","15","GSM5870253",0
"1551","18~40","GSM5870253",0
"1552","41~54","GSM5870253",0
"1553","55~","GSM5870253",0
"1554","unknown","GSM5870253",48
"1555","<1","GSM5870254",0
"1556","1~17","GSM5870254",0
"1557","15","GSM5870254",0
"1558","18~40","GSM5870254",0
"1559","41~54","GSM5870254",0
"1560","55~","GSM5870254",0
"1561","unknown","GSM5870254",24
"1562","<1","GSM5870255",0
"1563","1~17","GSM5870255",0
"1564","15","GSM5870255",0
"1565","18~40","GSM5870255",0
"1566","41~54","GSM5870255",0
"1567","55~","GSM5870255",0
"1568","unknown","GSM5870255",45
"1569","<1","GSM5870257",0
"1570","1~17","GSM5870257",0
"1571","15","GSM5870257",0
"1572","18~40","GSM5870257",0
"1573","41~54","GSM5870257",0
"1574","55~","GSM5870257",0
"1575","unknown","GSM5870257",25
"1576","<1","GSM5873135",0
"1577","1~17","GSM5873135",0
"1578","15","GSM5873135",0
"1579","18~40","GSM5873135",0
"1580","41~54","GSM5873135",0
"1581","55~","GSM5873135",0
"1582","unknown","GSM5873135",272
"1583","<1","GSM5873136",0
"1584","1~17","GSM5873136",0
"1585","15","GSM5873136",0
"1586","18~40","GSM5873136",0
"1587","41~54","GSM5873136",0
"1588","55~","GSM5873136",0
"1589","unknown","GSM5873136",145
"1590","<1","GSM5873137",0
"1591","1~17","GSM5873137",0
"1592","15","GSM5873137",0
"1593","18~40","GSM5873137",0
"1594","41~54","GSM5873137",0
"1595","55~","GSM5873137",0
"1596","unknown","GSM5873137",418
"1597","<1","GSM5873138",0
"1598","1~17","GSM5873138",0
"1599","15","GSM5873138",0
"1600","18~40","GSM5873138",0
"1601","41~54","GSM5873138",0
"1602","55~","GSM5873138",0
"1603","unknown","GSM5873138",60
"1604","<1","GSM5873139",0
"1605","1~17","GSM5873139",0
"1606","15","GSM5873139",0
"1607","18~40","GSM5873139",0
"1608","41~54","GSM5873139",0
"1609","55~","GSM5873139",0
"1610","unknown","GSM5873139",119
"1611","<1","GSM5873140",0
"1612","1~17","GSM5873140",0
"1613","15","GSM5873140",0
"1614","18~40","GSM5873140",0
"1615","41~54","GSM5873140",0
"1616","55~","GSM5873140",0
"1617","unknown","GSM5873140",497
"1618","<1","GSM5873141",0
"1619","1~17","GSM5873141",0
"1620","15","GSM5873141",0
"1621","18~40","GSM5873141",0
"1622","41~54","GSM5873141",0
"1623","55~","GSM5873141",0
"1624","unknown","GSM5873141",234
"1625","<1","GSM5873142",0
"1626","1~17","GSM5873142",0
"1627","15","GSM5873142",0
"1628","18~40","GSM5873142",0
"1629","41~54","GSM5873142",0
"1630","55~","GSM5873142",0
"1631","unknown","GSM5873142",2460
"1632","<1","GSM5873143",0
"1633","1~17","GSM5873143",0
"1634","15","GSM5873143",0
"1635","18~40","GSM5873143",0
"1636","41~54","GSM5873143",0
"1637","55~","GSM5873143",0
"1638","unknown","GSM5873143",280
"1639","<1","GSM5873144",0
"1640","1~17","GSM5873144",0
"1641","15","GSM5873144",0
"1642","18~40","GSM5873144",0
"1643","41~54","GSM5873144",0
"1644","55~","GSM5873144",0
"1645","unknown","GSM5873144",42
"1646","<1","GSM5873145",0
"1647","1~17","GSM5873145",0
"1648","15","GSM5873145",0
"1649","18~40","GSM5873145",0
"1650","41~54","GSM5873145",0
"1651","55~","GSM5873145",0
"1652","unknown","GSM5873145",256
"1653","<1","GSM5873146",0
"1654","1~17","GSM5873146",0
"1655","15","GSM5873146",0
"1656","18~40","GSM5873146",0
"1657","41~54","GSM5873146",0
"1658","55~","GSM5873146",0
"1659","unknown","GSM5873146",224
"1660","<1","GSM7103257",0
"1661","1~17","GSM7103257",0
"1662","15","GSM7103257",0
"1663","18~40","GSM7103257",0
"1664","41~54","GSM7103257",7
"1665","55~","GSM7103257",0
"1666","unknown","GSM7103257",0
"1667","<1","GSM7103264",0
"1668","1~17","GSM7103264",0
"1669","15","GSM7103264",0
"1670","18~40","GSM7103264",0
"1671","41~54","GSM7103264",0
"1672","55~","GSM7103264",19
"1673","unknown","GSM7103264",0
"1674","<1","GSM7103271",0
"1675","1~17","GSM7103271",0
"1676","15","GSM7103271",0
"1677","18~40","GSM7103271",0
"1678","41~54","GSM7103271",0
"1679","55~","GSM7103271",7
"1680","unknown","GSM7103271",0
"1681","<1","GSM7103275",0
"1682","1~17","GSM7103275",0
"1683","15","GSM7103275",0
"1684","18~40","GSM7103275",0
"1685","41~54","GSM7103275",0
"1686","55~","GSM7103275",31
"1687","unknown","GSM7103275",0
"1688","<1","GSM7103276",0
"1689","1~17","GSM7103276",0
"1690","15","GSM7103276",0
"1691","18~40","GSM7103276",0
"1692","41~54","GSM7103276",0
"1693","55~","GSM7103276",67
"1694","unknown","GSM7103276",0
"1695","<1","GSM7103277",0
"1696","1~17","GSM7103277",0
"1697","15","GSM7103277",0
"1698","18~40","GSM7103277",0
"1699","41~54","GSM7103277",0
"1700","55~","GSM7103277",60
"1701","unknown","GSM7103277",0
"1702","<1","GSM7103278",0
"1703","1~17","GSM7103278",0
"1704","15","GSM7103278",0
"1705","18~40","GSM7103278",0
"1706","41~54","GSM7103278",0
"1707","55~","GSM7103278",43
"1708","unknown","GSM7103278",0
"1709","<1","GSM7103279",0
"1710","1~17","GSM7103279",0
"1711","15","GSM7103279",0
"1712","18~40","GSM7103279",0
"1713","41~54","GSM7103279",0
"1714","55~","GSM7103279",80
"1715","unknown","GSM7103279",0
"1716","<1","GSM7103280",0
"1717","1~17","GSM7103280",0
"1718","15","GSM7103280",0
"1719","18~40","GSM7103280",72
"1720","41~54","GSM7103280",0
"1721","55~","GSM7103280",0
"1722","unknown","GSM7103280",0
"1723","<1","GSM7103281",0
"1724","1~17","GSM7103281",0
"1725","15","GSM7103281",0
"1726","18~40","GSM7103281",0
"1727","41~54","GSM7103281",0
"1728","55~","GSM7103281",10
"1729","unknown","GSM7103281",0
"1730","<1","GSM7103282",0
"1731","1~17","GSM7103282",0
"1732","15","GSM7103282",0
"1733","18~40","GSM7103282",0
"1734","41~54","GSM7103282",144
"1735","55~","GSM7103282",0
"1736","unknown","GSM7103282",0
"1737","<1","GSM7103283",0
"1738","1~17","GSM7103283",0
"1739","15","GSM7103283",0
"1740","18~40","GSM7103283",10
"1741","41~54","GSM7103283",0
"1742","55~","GSM7103283",0
"1743","unknown","GSM7103283",0
"1744","<1","GSM7103295",0
"1745","1~17","GSM7103295",0
"1746","15","GSM7103295",0
"1747","18~40","GSM7103295",0
"1748","41~54","GSM7103295",5
"1749","55~","GSM7103295",0
"1750","unknown","GSM7103295",0
"1751","<1","GSM7103296",0
"1752","1~17","GSM7103296",0
"1753","15","GSM7103296",0
"1754","18~40","GSM7103296",0
"1755","41~54","GSM7103296",0
"1756","55~","GSM7103296",0
"1757","unknown","GSM7103296",13
"1758","<1","GSM7103297",0
"1759","1~17","GSM7103297",0
"1760","15","GSM7103297",0
"1761","18~40","GSM7103297",0
"1762","41~54","GSM7103297",0
"1763","55~","GSM7103297",0
"1764","unknown","GSM7103297",15
"1765","<1","GSM7103298",0
"1766","1~17","GSM7103298",0
"1767","15","GSM7103298",0
"1768","18~40","GSM7103298",0
"1769","41~54","GSM7103298",0
"1770","55~","GSM7103298",0
"1771","unknown","GSM7103298",2
"1772","<1","GSM7103305",0
"1773","1~17","GSM7103305",0
"1774","15","GSM7103305",0
"1775","18~40","GSM7103305",0
"1776","41~54","GSM7103305",0
"1777","55~","GSM7103305",31
"1778","unknown","GSM7103305",0
"1779","<1","GSM7103306",0
"1780","1~17","GSM7103306",0
"1781","15","GSM7103306",0
"1782","18~40","GSM7103306",0
"1783","41~54","GSM7103306",19
"1784","55~","GSM7103306",0
"1785","unknown","GSM7103306",0
"1786","<1","GSM7103307",0
"1787","1~17","GSM7103307",0
"1788","15","GSM7103307",0
"1789","18~40","GSM7103307",0
"1790","41~54","GSM7103307",22
"1791","55~","GSM7103307",0
"1792","unknown","GSM7103307",0
"1793","<1","GSM7103308",0
"1794","1~17","GSM7103308",0
"1795","15","GSM7103308",0
"1796","18~40","GSM7103308",0
"1797","41~54","GSM7103308",0
"1798","55~","GSM7103308",0
"1799","unknown","GSM7103308",10
"1800","<1","GSM7103313",0
"1801","1~17","GSM7103313",0
"1802","15","GSM7103313",0
"1803","18~40","GSM7103313",0
"1804","41~54","GSM7103313",0
"1805","55~","GSM7103313",0
"1806","unknown","GSM7103313",47
"1807","<1","GSM7103314",0
"1808","1~17","GSM7103314",0
"1809","15","GSM7103314",0
"1810","18~40","GSM7103314",0
"1811","41~54","GSM7103314",0
"1812","55~","GSM7103314",0
"1813","unknown","GSM7103314",214
"1814","<1","GSM7103315",0
"1815","1~17","GSM7103315",0
"1816","15","GSM7103315",0
"1817","18~40","GSM7103315",0
"1818","41~54","GSM7103315",0
"1819","55~","GSM7103315",0
"1820","unknown","GSM7103315",92
"1821","<1","GSM7103316",0
"1822","1~17","GSM7103316",0
"1823","15","GSM7103316",0
"1824","18~40","GSM7103316",138
"1825","41~54","GSM7103316",0
"1826","55~","GSM7103316",0
"1827","unknown","GSM7103316",0
"1828","<1","GSM7103317",0
"1829","1~17","GSM7103317",0
"1830","15","GSM7103317",0
"1831","18~40","GSM7103317",76
"1832","41~54","GSM7103317",0
"1833","55~","GSM7103317",0
"1834","unknown","GSM7103317",0
"1835","<1","GSM7103318",0
"1836","1~17","GSM7103318",0
"1837","15","GSM7103318",0
"1838","18~40","GSM7103318",0
"1839","41~54","GSM7103318",0
"1840","55~","GSM7103318",0
"1841","unknown","GSM7103318",172
"1842","<1","GSM7103319",0
"1843","1~17","GSM7103319",0
"1844","15","GSM7103319",0
"1845","18~40","GSM7103319",0
"1846","41~54","GSM7103319",0
"1847","55~","GSM7103319",215
"1848","unknown","GSM7103319",0
"1849","<1","GSM7103320",0
"1850","1~17","GSM7103320",0
"1851","15","GSM7103320",0
"1852","18~40","GSM7103320",0
"1853","41~54","GSM7103320",48
"1854","55~","GSM7103320",0
"1855","unknown","GSM7103320",0
"1856","<1","GSM7103327",0
"1857","1~17","GSM7103327",0
"1858","15","GSM7103327",1
"1859","18~40","GSM7103327",0
"1860","41~54","GSM7103327",0
"1861","55~","GSM7103327",0
"1862","unknown","GSM7103327",0
"1863","<1","GSM7103334",0
"1864","1~17","GSM7103334",0
"1865","15","GSM7103334",0
"1866","18~40","GSM7103334",27
"1867","41~54","GSM7103334",0
"1868","55~","GSM7103334",0
"1869","unknown","GSM7103334",0
"1870","<1","JVV9L8ng_LUNG",0
"1871","1~17","JVV9L8ng_LUNG",0
"1872","15","JVV9L8ng_LUNG",0
"1873","18~40","JVV9L8ng_LUNG",0
"1874","41~54","JVV9L8ng_LUNG",0
"1875","55~","JVV9L8ng_LUNG",0
"1876","unknown","JVV9L8ng_LUNG",19
"1877","<1","KJYDM1ng_LUNG",0
"1878","1~17","KJYDM1ng_LUNG",0
"1879","15","KJYDM1ng_LUNG",0
"1880","18~40","KJYDM1ng_LUNG",0
"1881","41~54","KJYDM1ng_LUNG",0
"1882","55~","KJYDM1ng_LUNG",0
"1883","unknown","KJYDM1ng_LUNG",11
"1884","<1","LungTranscriptome7119452_LUNG",0
"1885","1~17","LungTranscriptome7119452_LUNG",0
"1886","15","LungTranscriptome7119452_LUNG",0
"1887","18~40","LungTranscriptome7119452_LUNG",0
"1888","41~54","LungTranscriptome7119452_LUNG",0
"1889","55~","LungTranscriptome7119452_LUNG",0
"1890","unknown","LungTranscriptome7119452_LUNG",2
"1891","<1","LungTranscriptome7119453_LUNG",0
"1892","1~17","LungTranscriptome7119453_LUNG",0
"1893","15","LungTranscriptome7119453_LUNG",0
"1894","18~40","LungTranscriptome7119453_LUNG",0
"1895","41~54","LungTranscriptome7119453_LUNG",0
"1896","55~","LungTranscriptome7119453_LUNG",0
"1897","unknown","LungTranscriptome7119453_LUNG",4
"1898","<1","LungTranscriptome7135919_LUNG",0
"1899","1~17","LungTranscriptome7135919_LUNG",0
"1900","15","LungTranscriptome7135919_LUNG",0
"1901","18~40","LungTranscriptome7135919_LUNG",0
"1902","41~54","LungTranscriptome7135919_LUNG",0
"1903","55~","LungTranscriptome7135919_LUNG",0
"1904","unknown","LungTranscriptome7135919_LUNG",13
"1905","<1","LungTranscriptome7135920_LUNG",0
"1906","1~17","LungTranscriptome7135920_LUNG",0
"1907","15","LungTranscriptome7135920_LUNG",0
"1908","18~40","LungTranscriptome7135920_LUNG",0
"1909","41~54","LungTranscriptome7135920_LUNG",0
"1910","55~","LungTranscriptome7135920_LUNG",0
"1911","unknown","LungTranscriptome7135920_LUNG",5
"1912","<1","LungTranscriptome7185212_LUNG",0
"1913","1~17","LungTranscriptome7185212_LUNG",0
"1914","15","LungTranscriptome7185212_LUNG",0
"1915","18~40","LungTranscriptome7185212_LUNG",0
"1916","41~54","LungTranscriptome7185212_LUNG",0
"1917","55~","LungTranscriptome7185212_LUNG",0
"1918","unknown","LungTranscriptome7185212_LUNG",14
"1919","<1","LungTranscriptome7185213_LUNG",0
"1920","1~17","LungTranscriptome7185213_LUNG",0
"1921","15","LungTranscriptome7185213_LUNG",0
"1922","18~40","LungTranscriptome7185213_LUNG",0
"1923","41~54","LungTranscriptome7185213_LUNG",0
"1924","55~","LungTranscriptome7185213_LUNG",0
"1925","unknown","LungTranscriptome7185213_LUNG",3
"1926","<1","LungTranscriptome7239213_LUNG",0
"1927","1~17","LungTranscriptome7239213_LUNG",0
"1928","15","LungTranscriptome7239213_LUNG",0
"1929","18~40","LungTranscriptome7239213_LUNG",0
"1930","41~54","LungTranscriptome7239213_LUNG",0
"1931","55~","LungTranscriptome7239213_LUNG",0
"1932","unknown","LungTranscriptome7239213_LUNG",4
"1933","<1","LungTranscriptome7239217_LUNG",0
"1934","1~17","LungTranscriptome7239217_LUNG",0
"1935","15","LungTranscriptome7239217_LUNG",0
"1936","18~40","LungTranscriptome7239217_LUNG",0
"1937","41~54","LungTranscriptome7239217_LUNG",0
"1938","55~","LungTranscriptome7239217_LUNG",0
"1939","unknown","LungTranscriptome7239217_LUNG",11
"1940","<1","LungTranscriptome7239218_LUNG",0
"1941","1~17","LungTranscriptome7239218_LUNG",0
"1942","15","LungTranscriptome7239218_LUNG",0
"1943","18~40","LungTranscriptome7239218_LUNG",0
"1944","41~54","LungTranscriptome7239218_LUNG",0
"1945","55~","LungTranscriptome7239218_LUNG",0
"1946","unknown","LungTranscriptome7239218_LUNG",9
"1947","<1","LungTranscriptome7239219_LUNG",0
"1948","1~17","LungTranscriptome7239219_LUNG",0
"1949","15","LungTranscriptome7239219_LUNG",0
"1950","18~40","LungTranscriptome7239219_LUNG",0
"1951","41~54","LungTranscriptome7239219_LUNG",0
"1952","55~","LungTranscriptome7239219_LUNG",0
"1953","unknown","LungTranscriptome7239219_LUNG",4
"1954","<1","LungTranscriptome7239220_LUNG",0
"1955","1~17","LungTranscriptome7239220_LUNG",0
"1956","15","LungTranscriptome7239220_LUNG",0
"1957","18~40","LungTranscriptome7239220_LUNG",0
"1958","41~54","LungTranscriptome7239220_LUNG",0
"1959","55~","LungTranscriptome7239220_LUNG",0
"1960","unknown","LungTranscriptome7239220_LUNG",9
"1961","<1","medial_2_LUNG",0
"1962","1~17","medial_2_LUNG",0
"1963","15","medial_2_LUNG",0
"1964","18~40","medial_2_LUNG",0
"1965","41~54","medial_2_LUNG",0
"1966","55~","medial_2_LUNG",0
"1967","unknown","medial_2_LUNG",1
"1968","<1","medial_3_LUNG",0
"1969","1~17","medial_3_LUNG",0
"1970","15","medial_3_LUNG",0
"1971","18~40","medial_3_LUNG",0
"1972","41~54","medial_3_LUNG",0
"1973","55~","medial_3_LUNG",0
"1974","unknown","medial_3_LUNG",1
"1975","<1","muc10380",0
"1976","1~17","muc10380",0
"1977","15","muc10380",0
"1978","18~40","muc10380",0
"1979","41~54","muc10380",0
"1980","55~","muc10380",0
"1981","unknown","muc10380",29
"1982","<1","muc3843",0
"1983","1~17","muc3843",0
"1984","15","muc3843",0
"1985","18~40","muc3843",0
"1986","41~54","muc3843",0
"1987","55~","muc3843",0
"1988","unknown","muc3843",8
"1989","<1","muc4658",0
"1990","1~17","muc4658",0
"1991","15","muc4658",0
"1992","18~40","muc4658",0
"1993","41~54","muc4658",0
"1994","55~","muc4658",0
"1995","unknown","muc4658",15
"1996","<1","muc4659",0
"1997","1~17","muc4659",0
"1998","15","muc4659",0
"1999","18~40","muc4659",0
"2000","41~54","muc4659",0
"2001","55~","muc4659",0
"2002","unknown","muc4659",1
"2003","<1","muc5103",0
"2004","1~17","muc5103",0
"2005","15","muc5103",0
"2006","18~40","muc5103",0
"2007","41~54","muc5103",0
"2008","55~","muc5103",0
"2009","unknown","muc5103",16
"2010","<1","muc5105",0
"2011","1~17","muc5105",0
"2012","15","muc5105",0
"2013","18~40","muc5105",0
"2014","41~54","muc5105",0
"2015","55~","muc5105",0
"2016","unknown","muc5105",10
"2017","<1","muc5212",0
"2018","1~17","muc5212",0
"2019","15","muc5212",0
"2020","18~40","muc5212",0
"2021","41~54","muc5212",0
"2022","55~","muc5212",0
"2023","unknown","muc5212",8
"2024","<1","muc5213",0
"2025","1~17","muc5213",0
"2026","15","muc5213",0
"2027","18~40","muc5213",0
"2028","41~54","muc5213",0
"2029","55~","muc5213",0
"2030","unknown","muc5213",13
"2031","<1","muc9832",0
"2032","1~17","muc9832",0
"2033","15","muc9832",0
"2034","18~40","muc9832",0
"2035","41~54","muc9832",0
"2036","55~","muc9832",0
"2037","unknown","muc9832",7
"2038","<1","muc9833",0
"2039","1~17","muc9833",0
"2040","15","muc9833",0
"2041","18~40","muc9833",0
"2042","41~54","muc9833",0
"2043","55~","muc9833",0
"2044","unknown","muc9833",18
"2045","<1","ODGS1Mng_LUNG",0
"2046","1~17","ODGS1Mng_LUNG",0
"2047","15","ODGS1Mng_LUNG",0
"2048","18~40","ODGS1Mng_LUNG",0
"2049","41~54","ODGS1Mng_LUNG",0
"2050","55~","ODGS1Mng_LUNG",0
"2051","unknown","ODGS1Mng_LUNG",21
"2052","<1","P1_2_LUNG",0
"2053","1~17","P1_2_LUNG",0
"2054","15","P1_2_LUNG",0
"2055","18~40","P1_2_LUNG",0
"2056","41~54","P1_2_LUNG",0
"2057","55~","P1_2_LUNG",0
"2058","unknown","P1_2_LUNG",12
"2059","<1","P1_3_LUNG",0
"2060","1~17","P1_3_LUNG",0
"2061","15","P1_3_LUNG",0
"2062","18~40","P1_3_LUNG",0
"2063","41~54","P1_3_LUNG",0
"2064","55~","P1_3_LUNG",0
"2065","unknown","P1_3_LUNG",19
"2066","<1","P1_4_LUNG",0
"2067","1~17","P1_4_LUNG",0
"2068","15","P1_4_LUNG",0
"2069","18~40","P1_4_LUNG",0
"2070","41~54","P1_4_LUNG",0
"2071","55~","P1_4_LUNG",0
"2072","unknown","P1_4_LUNG",14
"2073","<1","P2_1_LUNG",0
"2074","1~17","P2_1_LUNG",0
"2075","15","P2_1_LUNG",0
"2076","18~40","P2_1_LUNG",0
"2077","41~54","P2_1_LUNG",0
"2078","55~","P2_1_LUNG",0
"2079","unknown","P2_1_LUNG",35
"2080","<1","P2_2_LUNG",0
"2081","1~17","P2_2_LUNG",0
"2082","15","P2_2_LUNG",0
"2083","18~40","P2_2_LUNG",0
"2084","41~54","P2_2_LUNG",0
"2085","55~","P2_2_LUNG",0
"2086","unknown","P2_2_LUNG",21
"2087","<1","P2_3_LUNG",0
"2088","1~17","P2_3_LUNG",0
"2089","15","P2_3_LUNG",0
"2090","18~40","P2_3_LUNG",0
"2091","41~54","P2_3_LUNG",0
"2092","55~","P2_3_LUNG",0
"2093","unknown","P2_3_LUNG",21
"2094","<1","P2_4_LUNG",0
"2095","1~17","P2_4_LUNG",0
"2096","15","P2_4_LUNG",0
"2097","18~40","P2_4_LUNG",0
"2098","41~54","P2_4_LUNG",0
"2099","55~","P2_4_LUNG",0
"2100","unknown","P2_4_LUNG",10
"2101","<1","P2_5_LUNG",0
"2102","1~17","P2_5_LUNG",0
"2103","15","P2_5_LUNG",0
"2104","18~40","P2_5_LUNG",0
"2105","41~54","P2_5_LUNG",0
"2106","55~","P2_5_LUNG",0
"2107","unknown","P2_5_LUNG",35
"2108","<1","P2_6_LUNG",0
"2109","1~17","P2_6_LUNG",0
"2110","15","P2_6_LUNG",0
"2111","18~40","P2_6_LUNG",0
"2112","41~54","P2_6_LUNG",0
"2113","55~","P2_6_LUNG",0
"2114","unknown","P2_6_LUNG",11
"2115","<1","P2_7_LUNG",0
"2116","1~17","P2_7_LUNG",0
"2117","15","P2_7_LUNG",0
"2118","18~40","P2_7_LUNG",0
"2119","41~54","P2_7_LUNG",0
"2120","55~","P2_7_LUNG",0
"2121","unknown","P2_7_LUNG",22
"2122","<1","P2_8_LUNG",0
"2123","1~17","P2_8_LUNG",0
"2124","15","P2_8_LUNG",0
"2125","18~40","P2_8_LUNG",0
"2126","41~54","P2_8_LUNG",0
"2127","55~","P2_8_LUNG",0
"2128","unknown","P2_8_LUNG",23
"2129","<1","P3_2_LUNG",0
"2130","1~17","P3_2_LUNG",0
"2131","15","P3_2_LUNG",0
"2132","18~40","P3_2_LUNG",0
"2133","41~54","P3_2_LUNG",0
"2134","55~","P3_2_LUNG",0
"2135","unknown","P3_2_LUNG",16
"2136","<1","P3_3_LUNG",0
"2137","1~17","P3_3_LUNG",0
"2138","15","P3_3_LUNG",0
"2139","18~40","P3_3_LUNG",0
"2140","41~54","P3_3_LUNG",0
"2141","55~","P3_3_LUNG",0
"2142","unknown","P3_3_LUNG",27
"2143","<1","P3_4_LUNG",0
"2144","1~17","P3_4_LUNG",0
"2145","15","P3_4_LUNG",0
"2146","18~40","P3_4_LUNG",0
"2147","41~54","P3_4_LUNG",0
"2148","55~","P3_4_LUNG",0
"2149","unknown","P3_4_LUNG",10
"2150","<1","P3_5_LUNG",0
"2151","1~17","P3_5_LUNG",0
"2152","15","P3_5_LUNG",0
"2153","18~40","P3_5_LUNG",0
"2154","41~54","P3_5_LUNG",0
"2155","55~","P3_5_LUNG",0
"2156","unknown","P3_5_LUNG",21
"2157","<1","P3_6_LUNG",0
"2158","1~17","P3_6_LUNG",0
"2159","15","P3_6_LUNG",0
"2160","18~40","P3_6_LUNG",0
"2161","41~54","P3_6_LUNG",0
"2162","55~","P3_6_LUNG",0
"2163","unknown","P3_6_LUNG",37
"2164","<1","P3_7_LUNG",0
"2165","1~17","P3_7_LUNG",0
"2166","15","P3_7_LUNG",0
"2167","18~40","P3_7_LUNG",0
"2168","41~54","P3_7_LUNG",0
"2169","55~","P3_7_LUNG",0
"2170","unknown","P3_7_LUNG",49
"2171","<1","p46c_LUNG",0
"2172","1~17","p46c_LUNG",0
"2173","15","p46c_LUNG",0
"2174","18~40","p46c_LUNG",0
"2175","41~54","p46c_LUNG",0
"2176","55~","p46c_LUNG",0
"2177","unknown","p46c_LUNG",45
"2178","<1","p47c_LUNG",0
"2179","1~17","p47c_LUNG",0
"2180","15","p47c_LUNG",0
"2181","18~40","p47c_LUNG",0
"2182","41~54","p47c_LUNG",0
"2183","55~","p47c_LUNG",0
"2184","unknown","p47c_LUNG",22
"2185","<1","p50c_LUNG",0
"2186","1~17","p50c_LUNG",0
"2187","15","p50c_LUNG",0
"2188","18~40","p50c_LUNG",0
"2189","41~54","p50c_LUNG",0
"2190","55~","p50c_LUNG",0
"2191","unknown","p50c_LUNG",74
"2192","<1","p51c_LUNG",0
"2193","1~17","p51c_LUNG",0
"2194","15","p51c_LUNG",0
"2195","18~40","p51c_LUNG",0
"2196","41~54","p51c_LUNG",0
"2197","55~","p51c_LUNG",0
"2198","unknown","p51c_LUNG",43
"2199","<1","proximal_3_LUNG",0
"2200","1~17","proximal_3_LUNG",0
"2201","15","proximal_3_LUNG",0
"2202","18~40","proximal_3_LUNG",0
"2203","41~54","proximal_3_LUNG",0
"2204","55~","proximal_3_LUNG",0
"2205","unknown","proximal_3_LUNG",1
"2206","<1","QZY9VQng_LUNG",0
"2207","1~17","QZY9VQng_LUNG",0
"2208","15","QZY9VQng_LUNG",0
"2209","18~40","QZY9VQng_LUNG",0
"2210","41~54","QZY9VQng_LUNG",0
"2211","55~","QZY9VQng_LUNG",0
"2212","unknown","QZY9VQng_LUNG",23
"2213","<1","RU675_N",0
"2214","1~17","RU675_N",0
"2215","15","RU675_N",0
"2216","18~40","RU675_N",0
"2217","41~54","RU675_N",0
"2218","55~","RU675_N",18
"2219","unknown","RU675_N",0
"2220","<1","RU682_N",0
"2221","1~17","RU682_N",0
"2222","15","RU682_N",0
"2223","18~40","RU682_N",0
"2224","41~54","RU682_N",0
"2225","55~","RU682_N",19
"2226","unknown","RU682_N",0
"2227","<1","RU684_N",0
"2228","1~17","RU684_N",0
"2229","15","RU684_N",0
"2230","18~40","RU684_N",0
"2231","41~54","RU684_N",0
"2232","55~","RU684_N",19
"2233","unknown","RU684_N",0
"2234","<1","RU685_N",0
"2235","1~17","RU685_N",0
"2236","15","RU685_N",0
"2237","18~40","RU685_N",0
"2238","41~54","RU685_N",0
"2239","55~","RU685_N",27
"2240","unknown","RU685_N",0
"2241","<1","S4ECX8ng_LUNG",0
"2242","1~17","S4ECX8ng_LUNG",0
"2243","15","S4ECX8ng_LUNG",0
"2244","18~40","S4ECX8ng_LUNG",0
"2245","41~54","S4ECX8ng_LUNG",0
"2246","55~","S4ECX8ng_LUNG",0
"2247","unknown","S4ECX8ng_LUNG",28
"2248","<1","sample10",0
"2249","1~17","sample10",0
"2250","15","sample10",0
"2251","18~40","sample10",4
"2252","41~54","sample10",0
"2253","55~","sample10",0
"2254","unknown","sample10",0
"2255","<1","sample11",0
"2256","1~17","sample11",0
"2257","15","sample11",0
"2258","18~40","sample11",1
"2259","41~54","sample11",0
"2260","55~","sample11",0
"2261","unknown","sample11",0
"2262","<1","sample4",0
"2263","1~17","sample4",0
"2264","15","sample4",0
"2265","18~40","sample4",5
"2266","41~54","sample4",0
"2267","55~","sample4",0
"2268","unknown","sample4",0
"2269","<1","sample8",0
"2270","1~17","sample8",0
"2271","15","sample8",0
"2272","18~40","sample8",3
"2273","41~54","sample8",0
"2274","55~","sample8",0
"2275","unknown","sample8",0
"2276","<1","sample9",0
"2277","1~17","sample9",0
"2278","15","sample9",0
"2279","18~40","sample9",0
"2280","41~54","sample9",4
"2281","55~","sample9",0
"2282","unknown","sample9",0
"2283","<1","SHMI57ng_LUNG",0
"2284","1~17","SHMI57ng_LUNG",0
"2285","15","SHMI57ng_LUNG",0
"2286","18~40","SHMI57ng_LUNG",0
"2287","41~54","SHMI57ng_LUNG",0
"2288","55~","SHMI57ng_LUNG",0
"2289","unknown","SHMI57ng_LUNG",24
"2290","<1","Travaglini_Krasnow_2020_distal 1a",0
"2291","1~17","Travaglini_Krasnow_2020_distal 1a",0
"2292","15","Travaglini_Krasnow_2020_distal 1a",0
"2293","18~40","Travaglini_Krasnow_2020_distal 1a",0
"2294","41~54","Travaglini_Krasnow_2020_distal 1a",0
"2295","55~","Travaglini_Krasnow_2020_distal 1a",15
"2296","unknown","Travaglini_Krasnow_2020_distal 1a",0
"2297","<1","Travaglini_Krasnow_2020_distal 1b",0
"2298","1~17","Travaglini_Krasnow_2020_distal 1b",0
"2299","15","Travaglini_Krasnow_2020_distal 1b",0
"2300","18~40","Travaglini_Krasnow_2020_distal 1b",0
"2301","41~54","Travaglini_Krasnow_2020_distal 1b",0
"2302","55~","Travaglini_Krasnow_2020_distal 1b",26
"2303","unknown","Travaglini_Krasnow_2020_distal 1b",0
"2304","<1","Travaglini_Krasnow_2020_distal 2",0
"2305","1~17","Travaglini_Krasnow_2020_distal 2",0
"2306","15","Travaglini_Krasnow_2020_distal 2",0
"2307","18~40","Travaglini_Krasnow_2020_distal 2",0
"2308","41~54","Travaglini_Krasnow_2020_distal 2",0
"2309","55~","Travaglini_Krasnow_2020_distal 2",14
"2310","unknown","Travaglini_Krasnow_2020_distal 2",0
"2311","<1","Travaglini_Krasnow_2020_distal 3",0
"2312","1~17","Travaglini_Krasnow_2020_distal 3",0
"2313","15","Travaglini_Krasnow_2020_distal 3",0
"2314","18~40","Travaglini_Krasnow_2020_distal 3",0
"2315","41~54","Travaglini_Krasnow_2020_distal 3",10
"2316","55~","Travaglini_Krasnow_2020_distal 3",0
"2317","unknown","Travaglini_Krasnow_2020_distal 3",0
"2318","<1","Travaglini_Krasnow_2020_medial 2",0
"2319","1~17","Travaglini_Krasnow_2020_medial 2",0
"2320","15","Travaglini_Krasnow_2020_medial 2",0
"2321","18~40","Travaglini_Krasnow_2020_medial 2",0
"2322","41~54","Travaglini_Krasnow_2020_medial 2",0
"2323","55~","Travaglini_Krasnow_2020_medial 2",5
"2324","unknown","Travaglini_Krasnow_2020_medial 2",0
"2325","<1","Travaglini_Krasnow_2020_medial 3",0
"2326","1~17","Travaglini_Krasnow_2020_medial 3",0
"2327","15","Travaglini_Krasnow_2020_medial 3",0
"2328","18~40","Travaglini_Krasnow_2020_medial 3",0
"2329","41~54","Travaglini_Krasnow_2020_medial 3",4
"2330","55~","Travaglini_Krasnow_2020_medial 3",0
"2331","unknown","Travaglini_Krasnow_2020_medial 3",0
"2332","<1","Travaglini_Krasnow_2020_proximal 3",0
"2333","1~17","Travaglini_Krasnow_2020_proximal 3",0
"2334","15","Travaglini_Krasnow_2020_proximal 3",0
"2335","18~40","Travaglini_Krasnow_2020_proximal 3",0
"2336","41~54","Travaglini_Krasnow_2020_proximal 3",3
"2337","55~","Travaglini_Krasnow_2020_proximal 3",0
"2338","unknown","Travaglini_Krasnow_2020_proximal 3",0
"2339","<1","Vieira_Teichmann_2019_Dropseq_1",0
"2340","1~17","Vieira_Teichmann_2019_Dropseq_1",0
"2341","15","Vieira_Teichmann_2019_Dropseq_1",0
"2342","18~40","Vieira_Teichmann_2019_Dropseq_1",0
"2343","41~54","Vieira_Teichmann_2019_Dropseq_1",0
"2344","55~","Vieira_Teichmann_2019_Dropseq_1",9
"2345","unknown","Vieira_Teichmann_2019_Dropseq_1",0
"2346","<1","Vieira_Teichmann_2019_Dropseq_2",0
"2347","1~17","Vieira_Teichmann_2019_Dropseq_2",0
"2348","15","Vieira_Teichmann_2019_Dropseq_2",0
"2349","18~40","Vieira_Teichmann_2019_Dropseq_2",0
"2350","41~54","Vieira_Teichmann_2019_Dropseq_2",0
"2351","55~","Vieira_Teichmann_2019_Dropseq_2",13
"2352","unknown","Vieira_Teichmann_2019_Dropseq_2",0
"2353","<1","ZM3KACng_LUNG",0
"2354","1~17","ZM3KACng_LUNG",0
"2355","15","ZM3KACng_LUNG",0
"2356","18~40","ZM3KACng_LUNG",0
"2357","41~54","ZM3KACng_LUNG",0
"2358","55~","ZM3KACng_LUNG",0
"2359","unknown","ZM3KACng_LUNG",19
