"","p_val","avg_log2FC","pct.1","pct.2","p_val_adj","cluster","gene","celltype"
"COX1",1.74217240129841e-17,1.19760930607124,0.869,0.395,4.72477155232128e-13,"Normal","COX1","Epithelial"
"CYTB",6.91099507020379e-17,1.16167720547418,0.876,0.391,1.87426186303927e-12,"Normal","CYTB","Epithelial"
"MTCO1P12",1.02256183186262e-16,1.16948870737212,0.861,0.391,2.77318768801142e-12,"Normal","MTCO1P12","Epithelial"
"COX2",1.37456865679097e-16,1.15904854212412,0.869,0.395,3.72783019721711e-12,"Normal","COX2","Epithelial"
"ND4L",4.74122588831177e-16,1.15607516459583,0.869,0.387,1.28582046091015e-11,"Normal","ND4L","Epithelial"
"ND2",6.50129436606185e-16,1.14891143171039,0.869,0.387,1.76315103207597e-11,"Normal","ND2","Epithelial"
"FHIT",1.27437257844471e-15,1.3742533688592,0.759,0.372,3.45609843274206e-11,"Normal","FHIT","Epithelial"
"MTATP8P1",4.62285285965525e-15,1.09626606861443,0.847,0.379,1.2537176955385e-10,"Normal","MTATP8P1","Epithelial"
"ND3",9.73225516748688e-15,1.09792549114592,0.876,0.387,2.63938760142244e-10,"Normal","ND3","Epithelial"
"FTX",1.98510038481762e-14,1.31789084392529,0.759,0.407,5.38359224362538e-10,"Normal","FTX","Epithelial"
"MTND1P23",3.51874335526156e-14,1.14908241650055,0.803,0.364,9.54283197946935e-10,"Normal","MTND1P23","Epithelial"
"MECOM",4.21170186527634e-14,0.965175590374427,0.876,0.628,1.14221354586294e-09,"Normal","MECOM","Epithelial"
"ND1",7.86621738832704e-14,1.08747159130316,0.847,0.387,2.13331815571429e-09,"Normal","ND1","Epithelial"
"LPP",1.17099757430539e-13,0.771431156930086,0.92,0.723,3.17574542151623e-09,"Normal","LPP","Epithelial"
"FOXP1",2.10079225849953e-13,0.819210131496374,0.869,0.711,5.69734860505071e-09,"Normal","FOXP1","Epithelial"
"MTATP6P1",2.10250757569999e-13,1.04379210335555,0.832,0.372,5.70200054529838e-09,"Normal","MTATP6P1","Epithelial"
"FGD4",2.36061126305948e-13,1.3562882568184,0.679,0.324,6.40197774541731e-09,"Normal","FGD4","Epithelial"
"ND5",6.39093366452832e-13,1.04363201254995,0.803,0.372,1.73322120982008e-08,"Normal","ND5","Epithelial"
"ND6",6.53314273774992e-13,1.08235486391135,0.788,0.364,1.77178831047778e-08,"Normal","ND6","Epithelial"
"AMBRA1",2.07573841535812e-12,1.31459171756301,0.628,0.281,5.62940258245121e-08,"Normal","AMBRA1","Epithelial"
"SCHLAP1",2.31243506166094e-12,1.20124152715999,0.693,0.324,6.27132388722446e-08,"Normal","SCHLAP1","Epithelial"
"CCSER1",5.97550028998352e-12,1.07318101541637,0.737,0.375,1.62055567864353e-07,"Normal","CCSER1","Epithelial"
"AKAP13",7.47572943051412e-12,0.766666431825024,0.876,0.731,2.02741782155543e-07,"Normal","AKAP13","Epithelial"
"IMMP2L",8.0819123691985e-12,1.37828633025568,0.65,0.336,2.19181463452663e-07,"Normal","IMMP2L","Epithelial"
"STEAP1B",1.20472755611559e-11,1.19720589810707,0.664,0.324,3.26722113218549e-07,"Normal","STEAP1B","Epithelial"
"TBC1D5",1.2607638523424e-11,1.27224321831768,0.679,0.403,3.4191915675526e-07,"Normal","TBC1D5","Epithelial"
"RBFOX2",1.77542306960022e-11,1.00441425281783,0.81,0.514,4.81494736475581e-07,"Normal","RBFOX2","Epithelial"
"MED13L",2.06585744362818e-11,0.867181782718666,0.832,0.605,5.60260538711962e-07,"Normal","MED13L","Epithelial"
"MACF1",2.58914358083678e-11,0.834662127638534,0.861,0.64,7.02175739122936e-07,"Normal","MACF1","Epithelial"
"ADK",2.78603337096953e-11,0.941856370316833,0.818,0.549,7.55572250206937e-07,"Normal","ADK","Epithelial"
"RERE",4.51491785688863e-11,0.863389144524701,0.825,0.601,1.2244457227882e-06,"Normal","RERE","Epithelial"
"MAGI1",6.81452987605139e-11,1.03217646469949,0.752,0.49,1.84810050238514e-06,"Normal","MAGI1","Epithelial"
"H3-3B",7.49893801081367e-11,1.13479266009822,0.672,0.316,2.03371198853267e-06,"Normal","H3-3B","Epithelial"
"ARL15",8.31368010603535e-11,1.57304215714121,0.518,0.206,2.25467004475679e-06,"Normal","ARL15","Epithelial"
"LRBA",1.31757977050493e-10,0.950816988843646,0.752,0.518,3.57327633760938e-06,"Normal","LRBA","Epithelial"
"PARD3",1.36697700758598e-10,0.984271710803374,0.803,0.553,3.70724164457317e-06,"Normal","PARD3","Epithelial"
"MCF2L2",1.47541121510052e-10,1.59021992589143,0.467,0.17,4.00131521535262e-06,"Normal","MCF2L2","Epithelial"
"ZBTB20",1.58393763691268e-10,0.814279999405903,0.832,0.613,4.2956388713072e-06,"Normal","ZBTB20","Epithelial"
"KDM4C",1.59006301840765e-10,1.4383281108991,0.584,0.285,4.31225090592154e-06,"Normal","KDM4C","Epithelial"
"MACROD2",1.92509762812006e-10,1.03169038113055,0.73,0.427,5.2208647674616e-06,"Normal","MACROD2","Epithelial"
"TRIO",1.95289292834011e-10,0.954853614600933,0.774,0.49,5.29624562165837e-06,"Normal","TRIO","Epithelial"
"WWOX",2.7049422969995e-10,1.25044088407763,0.642,0.348,7.33580350946265e-06,"Normal","WWOX","Epithelial"
"PTK2",2.86864654195465e-10,0.853894313786233,0.825,0.577,7.77976942178102e-06,"Normal","PTK2","Epithelial"
"PATJ",2.92867197735232e-10,0.922971087049595,0.759,0.549,7.9425584025795e-06,"Normal","PATJ","Epithelial"
"FMNL2",3.45454491809502e-10,1.43300670654117,0.606,0.324,9.36872581787369e-06,"Normal","FMNL2","Epithelial"
"LRMDA",4.32590388415913e-10,1.23489981260745,0.606,0.304,1.17318513338396e-05,"Normal","LRMDA","Epithelial"
"ANKUB1",5.03403448639353e-10,1.43729087005895,0.445,0.158,1.36523015270993e-05,"Normal","ANKUB1","Epithelial"
"AGAP1",5.42922092942624e-10,1.08527481076536,0.701,0.435,1.4724047160604e-05,"Normal","AGAP1","Epithelial"
"IL6ST",6.77049399053173e-10,0.733829292005902,0.869,0.715,1.83615797023221e-05,"Normal","IL6ST","Epithelial"
"POLR2J4",7.21359195432267e-10,1.18394902170791,0.569,0.253,1.95632613801231e-05,"Normal","POLR2J4","Epithelial"
"AQP4-AS1",7.64831437651598e-10,1.8005662113246,0.431,0.166,2.07422285891113e-05,"Normal","AQP4-AS1","Epithelial"
"MTCO2P12",8.81231184607803e-10,1.03608273731457,0.679,0.34,2.38989897265636e-05,"Normal","MTCO2P12","Epithelial"
"JMJD1C",1.03143942991526e-09,0.777679353690841,0.854,0.656,2.79726373393019e-05,"Normal","JMJD1C","Epithelial"
"PRH1",1.04202776777999e-09,1.59690113514118,0.482,0.213,2.82597930621933e-05,"Normal","PRH1","Epithelial"
"POLR2J3",1.25275866028422e-09,1.19515413736027,0.606,0.316,3.39748148669081e-05,"Normal","POLR2J3","Epithelial"
"SMYD3",1.65298324730391e-09,0.910326644347586,0.723,0.451,4.4828905666882e-05,"Normal","SMYD3","Epithelial"
"MYO1D",1.85052263708812e-09,0.989247535824981,0.745,0.47,5.01861739178298e-05,"Normal","MYO1D","Epithelial"
"PDE4D",2.17592360329206e-09,0.853290567302917,0.832,0.64,5.90110481212806e-05,"Normal","PDE4D","Epithelial"
"RFX3-AS1",2.21824282632459e-09,1.79325288351731,0.277,0.059,6.01587454499228e-05,"Normal","RFX3-AS1","Epithelial"
"ARMH4",2.34581351034843e-09,1.28575330520607,0.511,0.209,6.36184624006493e-05,"Normal","ARMH4","Epithelial"
"SIK3",2.89477617070389e-09,0.803842984386543,0.803,0.51,7.85063297494894e-05,"Normal","SIK3","Epithelial"
"SMG6",3.11549196085146e-09,1.23278746204106,0.599,0.336,8.44921419782915e-05,"Normal","SMG6","Epithelial"
"EXOC4",3.15300349497787e-09,1.04819586199279,0.701,0.443,8.55094547837998e-05,"Normal","EXOC4","Epithelial"
"CAMKMT",3.66002295198392e-09,1.7793671174583,0.423,0.166,9.92598224578038e-05,"Normal","CAMKMT","Epithelial"
"MAML2",3.84054377706846e-09,0.943443442056969,0.752,0.538,0.000104155547234097,"Normal","MAML2","Epithelial"
"TCF12",4.36476371690733e-09,0.934783549604053,0.73,0.486,0.000118372392002527,"Normal","TCF12","Epithelial"
"VTI1A",4.448497641305e-09,1.23430464399731,0.577,0.308,0.000120643256032192,"Normal","VTI1A","Epithelial"
"KMT2C",4.6725298659092e-09,0.782052658503684,0.81,0.613,0.000126719009963458,"Normal","KMT2C","Epithelial"
"TANC2",6.20301987844043e-09,1.14767491659638,0.628,0.356,0.000168225899103305,"Normal","TANC2","Epithelial"
"CYRIB",6.99304507314787e-09,1.27239219101927,0.526,0.237,0.00018965138238377,"Normal","CYRIB","Epithelial"
"SRPK2",7.28213200676653e-09,0.954984758415165,0.737,0.53,0.000197491420023508,"Normal","SRPK2","Epithelial"
"MAST4",7.54263043230781e-09,0.809363504024841,0.81,0.589,0.000204556137324188,"Normal","MAST4","Epithelial"
"DGKI",9.82144582037799e-09,1.16148920060881,0.547,0.249,0.000266357610648651,"Normal","DGKI","Epithelial"
"MBD5",1.09083138323798e-08,1.38470269301916,0.54,0.289,0.000295833471134141,"Normal","MBD5","Epithelial"
"MRTFA",1.12781115212206e-08,1.02606478434886,0.584,0.277,0.000305862384455502,"Normal","MRTFA","Epithelial"
"ZNF609",1.30855120014513e-08,0.9956310747362,0.708,0.47,0.00035487908547936,"Normal","ZNF609","Epithelial"
"CUX1",1.31212054090328e-08,0.837897099891832,0.766,0.557,0.00035584709069297,"Normal","CUX1","Epithelial"
"FOXN3",1.38546511758303e-08,0.806726217753015,0.781,0.625,0.000375738139888518,"Normal","FOXN3","Epithelial"
"UBE2Q2P2",1.40647761650867e-08,1.59873327633996,0.394,0.15,0.000381436729597151,"Normal","UBE2Q2P2","Epithelial"
"CERT1",1.46233254962763e-08,1.2695189456515,0.504,0.225,0.000396584587459013,"Normal","CERT1","Epithelial"
"ZC3H11A",1.58001093046591e-08,1.06150003948165,0.467,0.19,0.000428498964342354,"Normal","ZC3H11A","Epithelial"
"SHANK2",1.58580530806528e-08,1.01039442173618,0.642,0.368,0.000430070399547305,"Normal","SHANK2","Epithelial"
"SEPTIN9",1.7501286456444e-08,1.02189435498518,0.584,0.292,0.000474634888698761,"Normal","SEPTIN9","Epithelial"
"MARK3",1.75635217681211e-08,0.958136878491495,0.715,0.482,0.000476322710351444,"Normal","MARK3","Epithelial"
"SPIDR",1.89046248672224e-08,0.861473234721015,0.73,0.486,0.000512693426399071,"Normal","SPIDR","Epithelial"
"SEPTIN7P14",1.89396260013273e-08,1.53224763193206,0.343,0.111,0.000513642657155995,"Normal","SEPTIN7P14","Epithelial"
"STAG1",2.35941871831464e-08,0.842795652777563,0.752,0.498,0.000639874356406931,"Normal","STAG1","Epithelial"
"ACACA",2.47041149307045e-08,1.02931437691042,0.628,0.356,0.000669975596920706,"Normal","ACACA","Epithelial"
"EXOC6B",2.58618344128635e-08,1.11561471692336,0.547,0.277,0.000701372949276858,"Normal","EXOC6B","Epithelial"
"AOPEP",2.94726287419879e-08,1.09115774876285,0.584,0.296,0.000799297691482713,"Normal","AOPEP","Epithelial"
"SNHG31",3.26549444020235e-08,1.24066593427067,0.489,0.233,0.000885602092182876,"Normal","SNHG31","Epithelial"
"FAF1",3.5942923734746e-08,0.883618772428349,0.715,0.486,0.000974772091686312,"Normal","FAF1","Epithelial"
"MRTFB",3.93257691253943e-08,1.72260493192497,0.358,0.13,0.00106651485868069,"Normal","MRTFB","Epithelial"
"NEDD4L",4.62952199788565e-08,0.578981589758324,0.891,0.794,0.00125552636582659,"Normal","NEDD4L","Epithelial"
"RBPMS",4.85142249473017e-08,0.875909816382414,0.752,0.589,0.00131570578057082,"Normal","RBPMS","Epithelial"
"GOLM2",5.44667533353004e-08,1.38593277182094,0.409,0.17,0.00147713835045335,"Normal","GOLM2","Epithelial"
"PLXDC2",5.62963583897678e-08,1.76654819190048,0.321,0.107,0.0015267572395305,"Normal","PLXDC2","Epithelial"
"EXT1",5.65784460090645e-08,0.946461690721304,0.693,0.474,0.00153440745576583,"Normal","EXT1","Epithelial"
"RBM6",5.75617102847008e-08,0.873761525674971,0.737,0.506,0.00156107358292109,"Normal","RBM6","Epithelial"
"SNHG5",6.6759860485463e-08,1.16493247230047,0.489,0.233,0.00181052741636576,"Normal","SNHG5","Epithelial"
"RBM47",6.72180541755763e-08,0.636591516415054,0.839,0.688,0.00182295362924163,"Normal","RBM47","Epithelial"
"ALOX12P2",6.97895559447635e-08,1.8520318898962,0.263,0.067,0.00189269275722199,"Normal","ALOX12P2","Epithelial"
"PLAAT4",7.25433047753899e-08,1.53968388373756,0.321,0.103,0.00196737442550858,"Normal","PLAAT4","Epithelial"
"FBXO30-DT",7.67378611556063e-08,1.92294209709214,0.146,0.012,0.00208113079454004,"Normal","FBXO30-DT","Epithelial"
"UNC13B",7.70773795016301e-08,1.07734847520134,0.635,0.443,0.00209033853208421,"Normal","UNC13B","Epithelial"
"XKR6",7.87010772099656e-08,1.5708610747188,0.365,0.138,0.00213437321393427,"Normal","XKR6","Epithelial"
"NPIPB4",8.00198572046648e-08,0.92028506279826,0.628,0.32,0.00217013852739051,"Normal","NPIPB4","Epithelial"
"SNHG32",9.17824836163502e-08,1.13354558781459,0.489,0.225,0.00248914095567542,"Normal","SNHG32","Epithelial"
"ERBB4",9.85276465076656e-08,1.00499045633163,0.569,0.32,0.00267206977328789,"Normal","ERBB4","Epithelial"
"NXN",1.10390134320135e-07,1.03514750222936,0.642,0.439,0.00299378044276207,"Normal","NXN","Epithelial"
"MARCHF6",1.12754181047277e-07,1.05812971032023,0.504,0.233,0.00305789339000216,"Normal","MARCHF6","Epithelial"
"CYP2B7P",1.17704015842138e-07,0.948492927392576,0.613,0.32,0.00319213290963877,"Normal","CYP2B7P","Epithelial"
"RGPD5",1.22004196705058e-07,1.2822552826217,0.482,0.229,0.00330875381464116,"Normal","RGPD5","Epithelial"
"SYTL3",1.25934215200971e-07,1.12388625797141,0.54,0.292,0.00341533591625033,"Normal","SYTL3","Epithelial"
"CBR3-AS1",1.34238812308349e-07,1.48524120368328,0.299,0.091,0.00364055658980241,"Normal","CBR3-AS1","Epithelial"
"PRKCE",1.42361969289928e-07,0.834629081378664,0.657,0.403,0.00386085660714284,"Normal","PRKCE","Epithelial"
"SEPTIN2",1.46481949587657e-07,1.13642736639756,0.416,0.17,0.00397259047281727,"Normal","SEPTIN2","Epithelial"
"TACC2",1.48886157891344e-07,0.909735073288521,0.715,0.557,0.00403779260201326,"Normal","TACC2","Epithelial"
"SLX1B",1.50179786198889e-07,1.73744315283204,0.263,0.071,0.00407287580171386,"Normal","SLX1B","Epithelial"
"ZFAND3",1.69985275968297e-07,0.668574660682592,0.796,0.577,0.00461000068426021,"Normal","ZFAND3","Epithelial"
"BTBD9",1.74371727479193e-07,0.964847000898418,0.642,0.403,0.00472896124923571,"Normal","BTBD9","Epithelial"
"TVP23C-CDRT4",1.84267071368969e-07,1.16838492402708,0.409,0.17,0.00499732297552643,"Normal","TVP23C-CDRT4","Epithelial"
"IGF1R",1.86277013197541e-07,0.989137127927233,0.65,0.447,0.00505183259791732,"Normal","IGF1R","Epithelial"
"ARMC9",1.98175822379132e-07,0.842812734387719,0.679,0.379,0.00537452830292205,"Normal","ARMC9","Epithelial"
"HLCS",1.99022858139334e-07,1.33586321788063,0.438,0.209,0.00539749991273875,"Normal","HLCS","Epithelial"
"CRPPA",2.08180207483902e-07,2.16279957542441,0.175,0.028,0.00564584722696342,"Normal","CRPPA","Epithelial"
"ARL10",2.09032083430498e-07,1.48785994363591,0.365,0.142,0.00566895010263511,"Normal","ARL10","Epithelial"
"MTND2P28",2.19600714447426e-07,0.769528067008393,0.679,0.36,0.00595557137581419,"Normal","MTND2P28","Epithelial"
"PLEKHA7",2.20662306337366e-07,0.885794326087922,0.65,0.387,0.00598436174786936,"Normal","PLEKHA7","Epithelial"
"ZSWIM6",2.34312544165866e-07,0.792239032235098,0.737,0.51,0.00635455619777827,"Normal","ZSWIM6","Epithelial"
"PMF1-BGLAP",2.42191533868988e-07,1.04424978557715,0.423,0.182,0.00656823439852695,"Normal","PMF1-BGLAP","Epithelial"
"SPDYE16",2.56769279081899e-07,1.14233869749117,0.489,0.233,0.00696358284870111,"Normal","SPDYE16","Epithelial"
"CYP4Z2P",2.67337301129411e-07,1.12502575263256,0.445,0.19,0.00725018760662962,"Normal","CYP4Z2P","Epithelial"
"GPHN",2.84160836446789e-07,1.02458608782817,0.54,0.292,0.00770644188443692,"Normal","GPHN","Epithelial"
"SMURF1",2.9215693398385e-07,0.883682804263322,0.664,0.447,0.00792329604964202,"Normal","SMURF1","Epithelial"
"MAML3",2.94944210624893e-07,1.12438107601243,0.533,0.296,0.0079988869921471,"Normal","MAML3","Epithelial"
"PRORP",3.49958396497131e-07,1.33323708283884,0.307,0.099,0.0094908717130022,"Normal","PRORP","Epithelial"
"PSD3",3.87602460793666e-07,0.991722758606019,0.569,0.348,0.0105117787367242,"Normal","PSD3","Epithelial"
"RAD51B",3.93900029410016e-07,1.07081620259716,0.584,0.352,0.0106825687975996,"Normal","RAD51B","Epithelial"
"PLAAT3",4.03582684374811e-07,1.54549226117018,0.358,0.146,0.0109451624002449,"Normal","PLAAT3","Epithelial"
"SEPTIN7",4.15151779782711e-07,1.59787163833717,0.328,0.119,0.0112589162677071,"Normal","SEPTIN7","Epithelial"
"PTPRG",4.20023243033548e-07,0.832672209080084,0.606,0.356,0.0113910303510698,"Normal","PTPRG","Epithelial"
"ANK3",4.51087729771308e-07,0.801960211337525,0.73,0.605,0.0122334992313979,"Normal","ANK3","Epithelial"
"EPB42",4.63067119300224e-07,1.28193381419164,0.401,0.174,0.0125583802754221,"Normal","EPB42","Epithelial"
"PIGL",4.70317699250363e-07,0.891234987266231,0.409,0.174,0.0127550160036698,"Normal","PIGL","Epithelial"
"NME1-NME2",4.9889664151399e-07,1.12261796374493,0.46,0.213,0.0135300769178594,"Normal","NME1-NME2","Epithelial"
"CELF2",5.10770582107186e-07,0.763737806311723,0.752,0.569,0.0138520981867469,"Normal","CELF2","Epithelial"
"EEF1G",5.14237406825739e-07,1.13015234215856,0.518,0.289,0.013946118473114,"Normal","EEF1G","Epithelial"
"TXNRD1",5.19726687557169e-07,0.826780214917038,0.715,0.494,0.0140949877665504,"Normal","TXNRD1","Epithelial"
"MCU",5.27849581953795e-07,0.849566040850362,0.679,0.482,0.0143152806625869,"Normal","MCU","Epithelial"
"SAMD12",5.39718047833282e-07,0.933221040901364,0.584,0.372,0.0146371534572386,"Normal","SAMD12","Epithelial"
"REPS1",6.14866594526008e-07,1.3832199865762,0.409,0.194,0.0166751820435453,"Normal","REPS1","Epithelial"
"ELOVL5",6.53483273682356e-07,1.25550098242329,0.547,0.364,0.0177224663822655,"Normal","ELOVL5","Epithelial"
"JARID2",6.62212084565805e-07,1.30229379195764,0.511,0.316,0.0179591917334246,"Normal","JARID2","Epithelial"
"ABR",6.94912959306841e-07,1.18173869737639,0.489,0.261,0.0188460394564015,"Normal","ABR","Epithelial"
"ERC1",6.99015339755341e-07,0.937376469703809,0.65,0.427,0.0189572960141648,"Normal","ERC1","Epithelial"
"TASP1",7.06816152629976e-07,1.6905612368728,0.358,0.158,0.019168854059325,"Normal","TASP1","Epithelial"
"DTX2P1-UPK3BP1-PMS2P11",7.16678369636335e-07,1.04739784700697,0.453,0.209,0.0194363173845374,"Normal","DTX2P1-UPK3BP1-PMS2P11","Epithelial"
"AUTS2",7.38021753254983e-07,0.923965208906586,0.679,0.478,0.0200151499482752,"Normal","AUTS2","Epithelial"
"CHN2",8.14804355983184e-07,1.98749368069482,0.204,0.047,0.0220974941342639,"Normal","CHN2","Epithelial"
"NRXN3",8.20246553613915e-07,0.95731038299423,0.518,0.273,0.0222450865340094,"Normal","NRXN3","Epithelial"
"ASAP1",8.25393511507134e-07,1.15099142686825,0.482,0.261,0.0223846720320735,"Normal","ASAP1","Epithelial"
"PRKY",8.40905429505714e-07,1.8045905298542,0.19,0.04,0.022805355248195,"Normal","PRKY","Epithelial"
"TCF7L2",8.43165491652781e-07,1.00321106900174,0.628,0.447,0.0228666481336234,"Normal","TCF7L2","Epithelial"
"LARGE1",8.46639660892359e-07,1.02328584349647,0.504,0.269,0.0229608676034008,"Normal","LARGE1","Epithelial"
"ARHGAP32",8.65402283808152e-07,1.01505091575536,0.628,0.419,0.0234697099368771,"Normal","ARHGAP32","Epithelial"
"DLG2",9.28239303215419e-07,1.14424431948719,0.394,0.17,0.0251738499032022,"Normal","DLG2","Epithelial"
"ATXN1",1.00122052819407e-06,0.845099173378889,0.679,0.486,0.0271531007246231,"Normal","ATXN1","Epithelial"
"MATR3",1.00726416995234e-06,1.19142065905915,0.387,0.166,0.0273170042891073,"Normal","MATR3","Epithelial"
"ANKRD17",1.1268905289043e-06,0.714500815512773,0.737,0.581,0.0305612711438845,"Normal","ANKRD17","Epithelial"
"LSAMP",1.14443296433109e-06,1.16919551806556,0.401,0.174,0.0310370219926591,"Normal","LSAMP","Epithelial"
"USP54",1.17538666908409e-06,0.872569145395911,0.672,0.482,0.0318764864655606,"Normal","USP54","Epithelial"
"PACSIN2",1.2006001289468e-06,0.67352199515645,0.737,0.581,0.0325602754970371,"Normal","PACSIN2","Epithelial"
"TMCC1",1.20424304307292e-06,1.00128537764505,0.606,0.391,0.0326590713281376,"Normal","TMCC1","Epithelial"
"PDXDC1",1.24926622127948e-06,0.792010669304785,0.708,0.569,0.0338800999210995,"Normal","PDXDC1","Epithelial"
"HSPE1-MOB4",1.27045616069815e-06,1.37216146732619,0.248,0.071,0.0344547710781338,"Normal","HSPE1-MOB4","Epithelial"
"LURAP1L-AS1",1.31396598542132e-06,1.3310724410602,0.307,0.111,0.0356347575246262,"Normal","LURAP1L-AS1","Epithelial"
"LRRC37A3",1.32487527389067e-06,1.13864507602139,0.38,0.166,0.0359306174279149,"Normal","LRRC37A3","Epithelial"
"PTPRD",1.33260069459218e-06,1.34940319039899,0.387,0.178,0.0361401308373399,"Normal","PTPRD","Epithelial"
"DARS1",1.3551229981131e-06,1.39815125907555,0.277,0.091,0.0367509357088272,"Normal","DARS1","Epithelial"
"SIPA1L3",1.4803769975579e-06,0.94460157071909,0.569,0.36,0.0401478241737701,"Normal","SIPA1L3","Epithelial"
"SDHAP2",1.51466214378425e-06,0.953932982925711,0.518,0.269,0.041077637339429,"Normal","SDHAP2","Epithelial"
"CLVS1",1.51881602358813e-06,0.993696893183029,0.431,0.202,0.0411902905597101,"Normal","CLVS1","Epithelial"
"NPIPB5",1.58742133382055e-06,0.749905655971403,0.635,0.356,0.0430508665732134,"Normal","NPIPB5","Epithelial"
"GABARAP",1.59842412811006e-06,0.835582046251818,0.569,0.34,0.0433492623543447,"Normal","GABARAP","Epithelial"
"NDUFC2-KCTD14",1.63022824251552e-06,1.4686989618701,0.314,0.119,0.0442117899370208,"Normal","NDUFC2-KCTD14","Epithelial"
"GAREM1",1.63404557981107e-06,1.01517573778277,0.577,0.395,0.0443153161244762,"Normal","GAREM1","Epithelial"
"PTPRM",1.64861850162127e-06,1.15961086396004,0.46,0.237,0.0447105337639689,"Normal","PTPRM","Epithelial"
"CCDC200",1.77611604883322e-06,0.816968033022564,0.511,0.253,0.048168267244357,"Normal","CCDC200","Epithelial"
"CCDC7",1.80756898035287e-06,1.57054106676037,0.307,0.123,0.0490212707471699,"Normal","CCDC7","Epithelial"
"AGTPBP1",1.83047485196925e-06,1.46550450997256,0.358,0.158,0.0496424779854059,"Normal","AGTPBP1","Epithelial"
"FOCAD",1.8322060465423e-06,1.51782936222924,0.365,0.166,0.0496894279822272,"Normal","FOCAD","Epithelial"
"CALM2",8.45498975206082e-19,2.82302280125614,0.553,0.102,2.29299322075889e-14,"COPD","CALM2","Epithelial"
"FTH1",1.98627634547874e-18,2.08225368545085,0.723,0.336,5.38678144893834e-14,"COPD","FTH1","Epithelial"
"EEF1A1",1.05817316435044e-17,1.12458114146772,0.913,0.73,2.86976562171839e-13,"COPD","EEF1A1","Epithelial"
"H3F3B",1.6662713143862e-17,2.39367629710797,0.581,0.124,4.51892780461536e-13,"COPD","H3F3B","Epithelial"
"H3F3A",6.02523749669432e-17,2.36781252989791,0.561,0.117,1.6340444091035e-12,"COPD","H3F3A","Epithelial"
"GAPDH",1.43838101977268e-16,2.13022671529874,0.672,0.321,3.9008893256235e-12,"COPD","GAPDH","Epithelial"
"EEF1D",5.5951544412377e-16,2.05393935212297,0.625,0.226,1.51740588446366e-11,"COPD","EEF1D","Epithelial"
"ARPC3",8.52262622873314e-16,2.47075004119479,0.526,0.109,2.31133623323243e-11,"COPD","ARPC3","Epithelial"
"HNRNPA1",6.324485138373e-15,2.2794073578108,0.53,0.109,1.71520036952676e-10,"COPD","HNRNPA1","Epithelial"
"CLIC1",1.19512254000535e-14,2.24751622504199,0.53,0.139,3.24117232849451e-10,"COPD","CLIC1","Epithelial"
"UBB",2.62417156676006e-14,1.93898220714102,0.636,0.285,7.11675328905329e-10,"COPD","UBB","Epithelial"
"PRDX1",2.97172375726345e-14,1.91956596607744,0.628,0.277,8.05931482969847e-10,"COPD","PRDX1","Epithelial"
"CLDN7",6.44328650198267e-14,2.463084937669,0.47,0.102,1.7474192993377e-09,"COPD","CLDN7","Epithelial"
"AES",1.49318376217047e-13,2.52972592936152,0.458,0.095,4.04951436300632e-09,"COPD","AES","Epithelial"
"HLA-C",1.51938261020126e-13,1.22327903564722,0.783,0.526,4.12056563886582e-09,"COPD","HLA-C","Epithelial"
"CTSD",9.00674285295775e-13,2.06166164155936,0.474,0.109,2.44262866172214e-08,"COPD","CTSD","Epithelial"
"RARRES3",1.40634692283909e-12,2.87328743306497,0.372,0.044,3.81401285473962e-08,"COPD","RARRES3","Epithelial"
"NDUFC2",1.44247733908987e-12,2.34622934959686,0.443,0.095,3.91199854361174e-08,"COPD","NDUFC2","Epithelial"
"MTRNR2L1",1.60694639937097e-12,2.87453801943029,0.364,0.036,4.35803863509407e-08,"COPD","MTRNR2L1","Epithelial"
"UQCR11",1.90288586143424e-12,1.96710849704841,0.482,0.117,5.16062645620967e-08,"COPD","UQCR11","Epithelial"
"BTG1",2.82105914916551e-12,1.98411672290059,0.474,0.109,7.65071241253687e-08,"COPD","BTG1","Epithelial"
"MUC1",3.17635973208529e-12,1.79877673216397,0.522,0.153,8.61428759341531e-08,"COPD","MUC1","Epithelial"
"IER3",3.26608976152696e-12,2.45694907133191,0.407,0.073,8.85763543326111e-08,"COPD","IER3","Epithelial"
"ADIRF",3.44586233850489e-12,1.87910099269466,0.522,0.175,9.34517866202527e-08,"COPD","ADIRF","Epithelial"
"MIF",1.23511643986821e-11,2.37664111453783,0.419,0.088,3.34963578492258e-07,"COPD","MIF","Epithelial"
"TSTD1",1.24269978634647e-11,1.82568538426596,0.462,0.109,3.37020182057163e-07,"COPD","TSTD1","Epithelial"
"NDUFA11",1.28784861086523e-11,2.02079811895114,0.435,0.095,3.49264543266651e-07,"COPD","NDUFA11","Epithelial"
"H2AFJ",1.74660057131491e-11,2.08341181277819,0.391,0.073,4.73678074940604e-07,"COPD","H2AFJ","Epithelial"
"MTRNR2L12",1.79456378231285e-11,2.10239727688162,0.447,0.109,4.86685697763246e-07,"COPD","MTRNR2L12","Epithelial"
"TMBIM4",1.93009308007844e-11,2.44547990719776,0.411,0.095,5.23441243317273e-07,"COPD","TMBIM4","Epithelial"
"ARL6IP4",2.05814520101146e-11,1.84131910417027,0.451,0.109,5.58168978514307e-07,"COPD","ARL6IP4","Epithelial"
"HIGD2A",2.22591008736798e-11,2.3309006513357,0.411,0.102,6.03666815694197e-07,"COPD","HIGD2A","Epithelial"
"BLOC1S1",2.42441373563409e-11,2.66325231684494,0.36,0.058,6.57501005103965e-07,"COPD","BLOC1S1","Epithelial"
"NEDD8",2.62390294889653e-11,2.53389881364143,0.407,0.088,7.11602479740738e-07,"COPD","NEDD8","Epithelial"
"WDR83OS",2.76534790929571e-11,1.77298653801472,0.455,0.109,7.49962353000996e-07,"COPD","WDR83OS","Epithelial"
"LY6E",3.37824365809737e-11,1.1657715447944,0.719,0.474,9.16179680076007e-07,"COPD","LY6E","Epithelial"
"B2M",3.47736199625696e-11,0.611538782493458,0.972,0.927,9.43060573384889e-07,"COPD","B2M","Epithelial"
"CXCL17",3.60592853856966e-11,1.0415948959305,0.798,0.584,9.77927819660093e-07,"COPD","CXCL17","Epithelial"
"STARD10",3.82216029981349e-11,2.23274254821401,0.439,0.109,1.03656987330942e-06,"COPD","STARD10","Epithelial"
"KRT7",4.61332001922071e-11,0.952813574756633,0.783,0.606,1.25113238921266e-06,"COPD","KRT7","Epithelial"
"FKBP1A",5.34328332154465e-11,2.28995668605602,0.391,0.08,1.44909843680291e-06,"COPD","FKBP1A","Epithelial"
"H2AFZ",5.90261221220358e-11,2.82626558040687,0.383,0.088,1.60078843194961e-06,"COPD","H2AFZ","Epithelial"
"GSTP1",6.56923423332248e-11,0.862963062305926,0.866,0.708,1.78157632407706e-06,"COPD","GSTP1","Epithelial"
"LGALS3",7.06711403395671e-11,0.896170248421036,0.806,0.606,1.91660132600906e-06,"COPD","LGALS3","Epithelial"
"CALR",7.44578998517567e-11,1.46885382896976,0.593,0.263,2.01929824397964e-06,"COPD","CALR","Epithelial"
"GSN",7.76969615936138e-11,1.29316635088677,0.719,0.46,2.10714159841881e-06,"COPD","GSN","Epithelial"
"TMEM205",8.15202025632942e-11,2.32670264155849,0.407,0.095,2.21082789351654e-06,"COPD","TMEM205","Epithelial"
"SUMO2",1.47694377012057e-10,1.66780810244912,0.545,0.226,4.00547150456699e-06,"COPD","SUMO2","Epithelial"
"S100A6",1.50047479704806e-10,0.594787238796671,0.941,0.869,4.06928764959435e-06,"COPD","S100A6","Epithelial"
"H2AFY",1.65475706731302e-10,2.25011468958015,0.387,0.08,4.48770116655291e-06,"COPD","H2AFY","Epithelial"
"HINT1",2.17632258838197e-10,0.972648585535724,0.767,0.562,5.90218685969189e-06,"COPD","HINT1","Epithelial"
"PRDX2",2.31492423011478e-10,2.31105401665021,0.403,0.102,6.27807451207129e-06,"COPD","PRDX2","Epithelial"
"SLPI",2.39218050415029e-10,0.853911741491058,0.893,0.745,6.48759352725558e-06,"COPD","SLPI","Epithelial"
"HLA-DRB1",2.41582459649197e-10,0.929472735354792,0.806,0.555,6.55171630568623e-06,"COPD","HLA-DRB1","Epithelial"
"KDELR2",2.86460024248335e-10,2.23268389614643,0.383,0.088,7.76879585761483e-06,"COPD","KDELR2","Epithelial"
"ARPC1B",3.00804429692271e-10,2.19592459440746,0.348,0.058,8.1578161332544e-06,"COPD","ARPC1B","Epithelial"
"ACTG1",3.40640514289168e-10,0.803544670453931,0.834,0.679,9.23817074752223e-06,"COPD","ACTG1","Epithelial"
"MINOS1",3.89713651338733e-10,2.53193084653195,0.387,0.095,1.05690342243064e-05,"COPD","MINOS1","Epithelial"
"CYR61",3.94166312062443e-10,2.79943694785333,0.324,0.051,1.06897903831334e-05,"COPD","CYR61","Epithelial"
"PPIB",4.10821620683334e-10,1.38296277271001,0.49,0.153,1.1141482352932e-05,"COPD","PPIB","Epithelial"
"UBA52",4.4718220384781e-10,0.771991399744409,0.846,0.693,1.21275813683526e-05,"COPD","UBA52","Epithelial"
"DDT",6.48358382873213e-10,1.47210614999513,0.494,0.175,1.75834793435215e-05,"COPD","DDT","Epithelial"
"FXYD3",6.98465788529654e-10,1.00771544595297,0.783,0.577,1.89423921849242e-05,"COPD","FXYD3","Epithelial"
"SRSF9",9.11998703066752e-10,2.19061151452383,0.419,0.131,2.47334048271703e-05,"COPD","SRSF9","Epithelial"
"FAU",1.06439779911818e-09,0.705848310355399,0.85,0.701,2.8866468312085e-05,"COPD","FAU","Epithelial"
"H2AFV",1.43138918582255e-09,2.29189496680477,0.332,0.058,3.88192747195075e-05,"COPD","H2AFV","Epithelial"
"EEF1B2",1.54599131785154e-09,0.980916573399883,0.719,0.511,4.19272845401338e-05,"COPD","EEF1B2","Epithelial"
"NDUFB8",1.61968991320744e-09,2.01413483671924,0.395,0.102,4.39259904461857e-05,"COPD","NDUFB8","Epithelial"
"TPT1",1.70059761008389e-09,0.578600651292724,0.921,0.818,4.61202071854752e-05,"COPD","TPT1","Epithelial"
"CD63",2.01958566226055e-09,0.68276905376275,0.862,0.715,5.47711631605062e-05,"COPD","CD63","Epithelial"
"FAM96B",2.11625565984967e-09,2.17853984688324,0.383,0.102,5.73928534951231e-05,"COPD","FAM96B","Epithelial"
"VAMP2",2.20431465853224e-09,1.92274335239516,0.379,0.088,5.97810135393944e-05,"COPD","VAMP2","Epithelial"
"PPP1CA",2.21555190373131e-09,1.86098151993147,0.439,0.146,6.00857676291932e-05,"COPD","PPP1CA","Epithelial"
"CD74",2.52666786746778e-09,0.634739775894713,0.913,0.781,6.85232325657263e-05,"COPD","CD74","Epithelial"
"CNPY2",2.69482271902435e-09,2.14723097805755,0.336,0.066,7.30835921399402e-05,"COPD","CNPY2","Epithelial"
"DDIT4",2.76237854011288e-09,2.09462656618353,0.379,0.102,7.49157060078613e-05,"COPD","DDIT4","Epithelial"
"ZFP36L2",2.96510845485874e-09,1.43766873310142,0.605,0.35,8.04137412957691e-05,"COPD","ZFP36L2","Epithelial"
"SPCS1",3.06838801166179e-09,1.2802245155021,0.625,0.343,8.32146828762677e-05,"COPD","SPCS1","Epithelial"
"NPDC1",3.26283573247842e-09,2.85948588419311,0.249,0.015,8.84881050648147e-05,"COPD","NPDC1","Epithelial"
"MTRNR2L8",3.38789770467141e-09,1.3199379981289,0.565,0.241,9.18797857506886e-05,"COPD","MTRNR2L8","Epithelial"
"WFDC2",3.70747441686311e-09,0.87617149382314,0.854,0.737,0.000100546706185327,"COPD","WFDC2","Epithelial"
"CSTB",3.93882613341893e-09,0.960126076555211,0.818,0.606,0.000106820964738321,"COPD","CSTB","Epithelial"
"PLA2G16",4.4323441544105e-09,2.71540104007021,0.316,0.058,0.000120205173467613,"COPD","PLA2G16","Epithelial"
"TRAF4",5.42068459581843e-09,1.96596598113764,0.344,0.073,0.000147008966238596,"COPD","TRAF4","Epithelial"
"PCBP1",5.61448191993695e-09,1.60896479052678,0.439,0.146,0.00015226474966869,"COPD","PCBP1","Epithelial"
"SEPT7",5.71382366670557e-09,1.92621097443263,0.372,0.095,0.000154958897841055,"COPD","SEPT7","Epithelial"
"EIF6",6.90065262502549e-09,1.53658867984173,0.379,0.095,0.000187145699190691,"COPD","EIF6","Epithelial"
"PRELID1",7.14418452703194e-09,2.0711319601177,0.372,0.102,0.000193750284373106,"COPD","PRELID1","Epithelial"
"ARPC1A",7.35622463266123e-09,2.15422701914919,0.32,0.066,0.000199500812037773,"COPD","ARPC1A","Epithelial"
"S100A11",7.78007731655117e-09,0.785616580381949,0.846,0.73,0.000210995696824868,"COPD","S100A11","Epithelial"
"BAG1",8.16736322372872e-09,1.20251191123821,0.613,0.35,0.000221498890627523,"COPD","BAG1","Epithelial"
"CCT5",8.24133452133395e-09,2.01654276744091,0.348,0.08,0.000223504992218577,"COPD","CCT5","Epithelial"
"SEPT2",9.54541908239027e-09,1.8572494896391,0.375,0.102,0.000258871765514424,"COPD","SEPT2","Epithelial"
"TMEM179B",1.054014677648e-08,1.92305117764139,0.387,0.109,0.000285848780578138,"COPD","TMEM179B","Epithelial"
"PTMA",1.05961168877562e-08,0.556008401392517,0.901,0.803,0.000287366689995948,"COPD","PTMA","Epithelial"
"CST3",1.13294919012809e-08,0.764230722726971,0.834,0.679,0.000307255820362739,"COPD","CST3","Epithelial"
"TAGLN2",1.25923261572849e-08,0.993220098908791,0.704,0.489,0.000341503885385565,"COPD","TAGLN2","Epithelial"
"MCL1",1.27556402503425e-08,1.75167463850686,0.439,0.175,0.000345932963589289,"COPD","MCL1","Epithelial"
"KRT18",1.2926468448117e-08,0.954122954268866,0.751,0.569,0.000350565824312934,"COPD","KRT18","Epithelial"
"HLA-B",1.38152041638284e-08,0.742305924402605,0.842,0.752,0.000374668336923026,"COPD","HLA-B","Epithelial"
"GPR108",1.46748747799603e-08,2.21837580429462,0.273,0.036,0.000397982604032524,"COPD","GPR108","Epithelial"
"ACTB",1.50175480888055e-08,0.534632841566132,0.901,0.847,0.000407275904168406,"COPD","ACTB","Epithelial"
"SELENOH",1.68545190916869e-08,1.84334770414405,0.34,0.08,0.000457094557766549,"COPD","SELENOH","Epithelial"
"SOX2",1.76704010040679e-08,2.02222752428157,0.308,0.058,0.00047922127523032,"COPD","SOX2","Epithelial"
"KRT19",1.79025276156093e-08,0.791445688703295,0.854,0.723,0.000485516548935325,"COPD","KRT19","Epithelial"
"TUBB4B",2.15585758400835e-08,1.57211307190662,0.549,0.299,0.000584668576783065,"COPD","TUBB4B","Epithelial"
"CHMP1B",2.23113255635714e-08,2.40142909924501,0.296,0.058,0.000605083149284056,"COPD","CHMP1B","Epithelial"
"TRAPPC1",2.23739941481358e-08,1.64190396643678,0.364,0.102,0.000606782721297443,"COPD","TRAPPC1","Epithelial"
"ALDH1A1",2.436102573126e-08,1.06889214230279,0.672,0.46,0.000660671017831771,"COPD","ALDH1A1","Epithelial"
"HLA-DMA",2.43901327089515e-08,1.66117008020474,0.387,0.117,0.000661460399066764,"COPD","HLA-DMA","Epithelial"
"HLA-A",2.44725887392578e-08,0.801575731480946,0.767,0.642,0.000663696606608671,"COPD","HLA-A","Epithelial"
"CLU",2.99454117717319e-08,1.00465822726689,0.704,0.489,0.00081211956724937,"COPD","CLU","Epithelial"
"HMGN2",2.99690807756119e-08,1.5001515213442,0.53,0.263,0.000812761470634594,"COPD","HMGN2","Epithelial"
"PDIA6",3.09634183671821e-08,1.34649823468651,0.474,0.182,0.000839727906117979,"COPD","PDIA6","Epithelial"
"SPTSSA",3.24724983971589e-08,1.62504974844372,0.364,0.095,0.000880654156530949,"COPD","SPTSSA","Epithelial"
"SCPEP1",3.27270179246208e-08,1.32238057811001,0.557,0.292,0.000887556726115717,"COPD","SCPEP1","Epithelial"
"EIF4A1",3.31730424091783e-08,1.47210173815353,0.372,0.102,0.000899652910136916,"COPD","EIF4A1","Epithelial"
"PSMA7",3.31841817859946e-08,1.20373812064871,0.581,0.343,0.000899955010036175,"COPD","PSMA7","Epithelial"
"NACA",3.66283556738547e-08,0.830437556792845,0.783,0.62,0.00099336100587494,"COPD","NACA","Epithelial"
"C1QBP",3.6768847694999e-08,1.86074227346615,0.411,0.146,0.000997171149488372,"COPD","C1QBP","Epithelial"
"PHB",3.9596256621239e-08,1.97847210333503,0.356,0.095,0.001073850479568,"COPD","PHB","Epithelial"
"HSPA5",4.1850096698435e-08,1.10852354540054,0.644,0.387,0.00113497462246156,"COPD","HSPA5","Epithelial"
"PLPP2",4.79722140663731e-08,1.23172013955771,0.553,0.299,0.00130100644548004,"COPD","PLPP2","Epithelial"
"PIGR",5.01826133588108e-08,0.742288416942026,0.806,0.62,0.00136095247429095,"COPD","PIGR","Epithelial"
"TUBA1B",5.05173385303973e-08,1.31272637506595,0.439,0.161,0.00137003022094438,"COPD","TUBA1B","Epithelial"
"TSTA3",5.31200563279602e-08,2.04790894149163,0.296,0.058,0.00144061592761428,"COPD","TSTA3","Epithelial"
"FAM213A",6.65924030637908e-08,2.24099403988372,0.217,0.015,0.00180598597109001,"COPD","FAM213A","Epithelial"
"ANXA2",7.39608420382198e-08,0.590674129689305,0.913,0.781,0.00200581803607652,"COPD","ANXA2","Epithelial"
"TYMP",7.82972039930977e-08,2.07521635967123,0.352,0.109,0.00212342017229281,"COPD","TYMP","Epithelial"
"RNASET2",7.92092555558085e-08,1.99062786463373,0.269,0.044,0.00214815501067353,"COPD","RNASET2","Epithelial"
"HSD17B11",8.44495352251032e-08,1.49308894740257,0.431,0.153,0.0022902713953048,"COPD","HSD17B11","Epithelial"
"COX20",8.82959237647903e-08,1.65086058745501,0.348,0.095,0.00239458545250111,"COPD","COX20","Epithelial"
"ARHGDIA",9.87530577290895e-08,1.77958931686736,0.34,0.095,0.00267818292561291,"COPD","ARHGDIA","Epithelial"
"PQLC1",1.12179426856222e-07,2.15737447492065,0.213,0.015,0.00304230605634075,"COPD","PQLC1","Epithelial"
"AQP5",1.12841270003292e-07,1.4154525268571,0.561,0.307,0.00306025524248928,"COPD","AQP5","Epithelial"
"SARS",1.36248595344631e-07,1.95910691039796,0.3,0.073,0.0036950619057464,"COPD","SARS","Epithelial"
"PSMA2",1.38609569273036e-07,1.52367866234256,0.336,0.088,0.00375909151868473,"COPD","PSMA2","Epithelial"
"CHMP4A",1.53231502457883e-07,1.71503922309928,0.253,0.036,0.00415563834665778,"COPD","CHMP4A","Epithelial"
"EPRS",1.55318552803699e-07,1.85535333260391,0.285,0.058,0.00421223915203633,"COPD","EPRS","Epithelial"
"SYNJ2BP",1.68110206656847e-07,1.87764566589597,0.249,0.036,0.00455914880453368,"COPD","SYNJ2BP","Epithelial"
"ICAM1",1.71734810566763e-07,1.74373796224372,0.36,0.117,0.00465744806257062,"COPD","ICAM1","Epithelial"
"EID1",1.74907642523605e-07,0.994024075148473,0.625,0.401,0.00474349526524017,"COPD","EID1","Epithelial"
"SURF1",1.755782640854e-07,1.90666437229851,0.352,0.109,0.00476168252199604,"COPD","SURF1","Epithelial"
"PRSS8",1.91333173356546e-07,1.76448183337378,0.332,0.095,0.00518895566142952,"COPD","PRSS8","Epithelial"
"OST4",2.12561186858839e-07,0.930862209834662,0.684,0.482,0.00576465938761172,"COPD","OST4","Epithelial"
"ARL1",2.1810329242978e-07,1.85883950050995,0.443,0.204,0.00591496129069564,"COPD","ARL1","Epithelial"
"NUCB2",2.2895974364449e-07,1.32375318860423,0.589,0.372,0.00620938824763857,"COPD","NUCB2","Epithelial"
"CTGF",2.66593875160105e-07,2.33622852957713,0.253,0.044,0.00723002589434204,"COPD","CTGF","Epithelial"
"EDF1",2.69312477378149e-07,0.922475552040017,0.684,0.453,0.0073037543864954,"COPD","EDF1","Epithelial"
"TIMP1",2.76875239631993e-07,1.17113274844851,0.664,0.438,0.00750885649881965,"COPD","TIMP1","Epithelial"
"CD81",2.82153983676777e-07,1.03846721042676,0.636,0.423,0.0076520160373142,"COPD","CD81","Epithelial"
"PABPC1",3.28102271648708e-07,0.546751019324446,0.854,0.737,0.00889813360711297,"COPD","PABPC1","Epithelial"
"ADH1C",3.45725224691229e-07,2.94797739168696,0.17,0,0.00937606809362613,"COPD","ADH1C","Epithelial"
"SEPT9",3.52663081755667e-07,1.83190321791374,0.292,0.073,0.00956422277721368,"COPD","SEPT9","Epithelial"
"SCGB3A1",3.56083259364188e-07,0.80219207661504,0.881,0.723,0.00965697799395677,"COPD","SCGB3A1","Epithelial"
"LRP10",3.62780549032774e-07,1.40348184125179,0.431,0.175,0.00983860848976883,"COPD","LRP10","Epithelial"
"HLA-DRA",3.76415580592538e-07,0.683843441951548,0.802,0.672,0.0102083905456696,"COPD","HLA-DRA","Epithelial"
"TMEM59",3.95431183822546e-07,0.774015045266301,0.747,0.569,0.0107240937052674,"COPD","TMEM59","Epithelial"
"KIAA1324",4.03886286721684e-07,1.19762426010072,0.36,0.109,0.0109533960958921,"COPD","KIAA1324","Epithelial"
"STUB1",4.41105862073465e-07,1.55981683527595,0.34,0.102,0.0119627909794324,"COPD","STUB1","Epithelial"
"TMSB10",4.56429487060835e-07,0.539327176615954,0.905,0.781,0.0123783676890898,"COPD","TMSB10","Epithelial"
"MYL12B",4.68568856596771e-07,0.743316643307236,0.759,0.591,0.0127075873909044,"COPD","MYL12B","Epithelial"
"SMIM7",4.7966786070253e-07,1.92053557450803,0.289,0.073,0.0130085923822526,"COPD","SMIM7","Epithelial"
"LMAN2",4.82709931996724e-07,1.44296317395858,0.545,0.307,0.0130910933557511,"COPD","LMAN2","Epithelial"
"RAB5C",4.90099912549437e-07,1.54204459104477,0.324,0.095,0.0132915096283407,"COPD","RAB5C","Epithelial"
"NARS",4.98484116864534e-07,1.36049783723363,0.285,0.073,0.0135188892493662,"COPD","NARS","Epithelial"
"CCND1",5.03642499046048e-07,1.03367583581118,0.545,0.314,0.0136587845741288,"COPD","CCND1","Epithelial"
"PPP2CA",5.16749754633887e-07,1.92729857394751,0.261,0.051,0.014014253345671,"COPD","PPP2CA","Epithelial"
"TAF9",5.43437259113578e-07,1.94711440525512,0.209,0.022,0.0147380184671602,"COPD","TAF9","Epithelial"
"SSR4",5.64327870993665e-07,0.750011416074618,0.739,0.547,0.0153045718613482,"COPD","SSR4","Epithelial"
"FAM129B",5.644973694344e-07,1.63689907825527,0.328,0.102,0.0153091686590609,"COPD","FAM129B","Epithelial"
"EI24",5.65405119598715e-07,1.39780908908958,0.443,0.197,0.0153337868435172,"COPD","EI24","Epithelial"
"MARCH6",5.8649293969311e-07,1.50883823854808,0.32,0.088,0.0159056885244771,"COPD","MARCH6","Epithelial"
"SAA2",6.01132989116384e-07,1.869274405159,0.198,0.015,0.0163027266648363,"COPD","SAA2","Epithelial"
"H1F0",6.21894341011464e-07,1.62368163920862,0.269,0.058,0.0168657745282309,"COPD","H1F0","Epithelial"
"NDUFS7",6.3008553554405e-07,1.85415458658707,0.372,0.139,0.0170879197239546,"COPD","NDUFS7","Epithelial"
"ST6GALNAC1",6.40722090316079e-07,1.39003608887513,0.462,0.197,0.0173763830893721,"COPD","ST6GALNAC1","Epithelial"
"IDH3G",6.56107504989635e-07,1.76772099542184,0.324,0.095,0.0177936355353189,"COPD","IDH3G","Epithelial"
"TMEM238",6.56719560868583e-07,1.35734249254242,0.383,0.139,0.017810234490756,"COPD","TMEM238","Epithelial"
"NDUFA2",6.81616378820899e-07,1.20779311973319,0.53,0.27,0.0184854361936228,"COPD","NDUFA2","Epithelial"
"POLR2F",7.17003979433088e-07,1.68473742582529,0.289,0.073,0.0194451479222254,"COPD","POLR2F","Epithelial"
"ASNA1",7.34875467073211e-07,1.86173117375993,0.253,0.051,0.0199298226670255,"COPD","ASNA1","Epithelial"
"TMEM173",7.71613700163141e-07,2.24000223564996,0.249,0.051,0.0209261635484244,"COPD","TMEM173","Epithelial"
"GSTA1",8.14311201930524e-07,1.62847329672922,0.49,0.255,0.0220841197963558,"COPD","GSTA1","Epithelial"
"CYB5A",8.17907426826607e-07,0.594979821138553,0.826,0.715,0.0221816494155376,"COPD","CYB5A","Epithelial"
"AQP3",8.5105518946938e-07,1.21641487377745,0.577,0.365,0.0230806167384096,"COPD","AQP3","Epithelial"
"PDCD2",8.70668962177768e-07,1.16774393240454,0.292,0.073,0.0236125422542611,"COPD","PDCD2","Epithelial"
"MAGED2",9.00147930988843e-07,1.83678329804614,0.391,0.161,0.0244120118884174,"COPD","MAGED2","Epithelial"
"NDUFB7",9.19199886370669e-07,1.09850005033336,0.613,0.358,0.0249287009183726,"COPD","NDUFB7","Epithelial"
"HEXA",9.66741119364251e-07,2.08804201958124,0.257,0.058,0.0262180191571585,"COPD","HEXA","Epithelial"
"ARL6IP1",9.77771728517056e-07,1.72492793910012,0.296,0.08,0.0265171692773826,"COPD","ARL6IP1","Epithelial"
"GNB2L1",9.77853494269647e-07,4.73914830144928,0.158,0,0.0265193867645928,"COPD","GNB2L1","Epithelial"
"H1FX",9.88258106309762e-07,1.10410995969514,0.324,0.095,0.0268015598431207,"COPD","H1FX","Epithelial"
"KARS",1.00133587913116e-06,2.29237496302461,0.257,0.058,0.0271562290420369,"COPD","KARS","Epithelial"
"PTP4A2",1.01163192044983e-06,1.40585426791273,0.47,0.248,0.0274354576825993,"COPD","PTP4A2","Epithelial"
"LY6D",1.07009051523371e-06,3.07570988833252,0.198,0.022,0.0290208547731382,"COPD","LY6D","Epithelial"
"EIF3K",1.12159025732221e-06,1.20230169256578,0.66,0.467,0.0304175277785782,"COPD","EIF3K","Epithelial"
"DGUOK",1.21802959578589e-06,1.64034286072708,0.383,0.153,0.0330329626377133,"COPD","DGUOK","Epithelial"
"QARS",1.23569478379196e-06,1.63384328557738,0.281,0.073,0.0335120425364379,"COPD","QARS","Epithelial"
"SERF2",1.27460842736355e-06,0.599770693974005,0.889,0.818,0.0345673805500994,"COPD","SERF2","Epithelial"
"HIGD1A",1.40555187549263e-06,2.02443290630264,0.245,0.051,0.0381185668633602,"COPD","HIGD1A","Epithelial"
"PSMA1",1.40797495438349e-06,1.49615558415871,0.348,0.117,0.0381842807628802,"COPD","PSMA1","Epithelial"
"POLR2L",1.46831182756816e-06,0.746944307605486,0.727,0.584,0.0398206167636485,"COPD","POLR2L","Epithelial"
"VAMP8",1.47051148112909e-06,0.759712893562098,0.755,0.584,0.0398802713682209,"COPD","VAMP8","Epithelial"
"GCHFR",1.60682851392412e-06,2.27834739238229,0.241,0.051,0.0435771892976222,"COPD","GCHFR","Epithelial"
"FKBP3",1.66823187679532e-06,1.67131188925991,0.332,0.109,0.0452424484986891,"COPD","FKBP3","Epithelial"
"CD82",1.68501298989076e-06,1.12738728444417,0.498,0.248,0.0456975522858373,"COPD","CD82","Epithelial"
"NKX2-1",1.7541503975128e-06,1.21725392632772,0.36,0.124,0.0475725587805472,"COPD","NKX2-1","Epithelial"
"HIST1H4C",1.76979144733384e-06,1.26539452527413,0.34,0.102,0.0479967440516936,"COPD","HIST1H4C","Epithelial"
"CTBP1",1.77652148704759e-06,1.44959710223803,0.292,0.08,0.0481792627287306,"COPD","CTBP1","Epithelial"
"YBX1",1.79822823090592e-06,0.776116224883785,0.708,0.511,0.0487679496221686,"COPD","YBX1","Epithelial"
"PABPN1",1.83760550394492e-06,1.16301148329634,0.3,0.088,0.0498358612669863,"COPD","PABPN1","Epithelial"
