"","X","p_val","avg_log2FC","pct.1","pct.2","p_val_adj","cluster","gene","celltype"
"1","MTND1P23",3.84195632322988e-19,1.84625359362128,0.971,0.315,3.5180794051816e-14,"Normal","MTND1P23","Basal"
"2","COX1",6.82902263760014e-19,1.60648275974281,1,0.371,6.25333602925045e-14,"Normal","COX1","Basal"
"3","MTCO1P12",1.02391891585158e-18,1.6217691284248,1,0.371,9.37602551245291e-14,"Normal","MTCO1P12","Basal"
"4","MTATP8P1",1.15945866950559e-18,1.67496025840716,1,0.348,1.06171630366627e-13,"Normal","MTATP8P1","Basal"
"5","ND2",7.47836731192825e-18,1.60612457507759,1,0.36,6.8479409475327e-13,"Normal","ND2","Basal"
"6","ND4L",8.25841985003812e-18,1.54017774310049,1,0.371,7.56223505667991e-13,"Normal","ND4L","Basal"
"8","ND1",1.10814050271941e-17,1.56577819720322,1,0.36,1.01472425834017e-12,"Normal","ND1","Basal"
"9","SEPTIN9",1.26728782182866e-17,1.93616704746498,0.912,0.303,1.1604554584485e-12,"Normal","SEPTIN9","Basal"
"10","ND6",3.7662497408531e-17,1.82437689284093,0.931,0.292,3.44875488769918e-12,"Normal","ND6","Basal"
"11","MTATP6P1",5.11879008740476e-17,1.55856124757098,0.99,0.371,4.68727608303654e-12,"Normal","MTATP6P1","Basal"
"12","COX2",7.89244506368038e-17,1.50324067887951,1,0.371,7.22711194481213e-12,"Normal","COX2","Basal"
"13","CYTB",1.02813737515192e-16,1.52500425438445,1,0.36,9.41465394426615e-12,"Normal","CYTB","Basal"
"15","PARD3",3.58052217708482e-16,1.53857022967014,0.931,0.528,3.27868415755657e-11,"Normal","PARD3","Basal"
"16","MIR205HG",4.58424556122947e-15,1.79549502355669,0.863,0.236,4.19779366041782e-10,"Normal","MIR205HG","Basal"
"17","ND5",7.08626143132179e-15,1.50015593125994,0.922,0.326,6.48888959266136e-10,"Normal","ND5","Basal"
"19","PDE4D",1.62386285873779e-13,1.37767828978978,0.912,0.551,1.48697121974619e-08,"Normal","PDE4D","Basal"
"20","ND3",1.76667233558246e-13,1.30831962447317,1,0.36,1.61774185769286e-08,"Normal","ND3","Basal"
"21","AOPEP",4.60947399310273e-13,1.78039404254515,0.794,0.27,4.22089533548417e-08,"Normal","AOPEP","Basal"
"22","VMP1",4.65704461331079e-13,1.04463530372163,0.951,0.742,4.26445575240869e-08,"Normal","VMP1","Basal"
"24","ZFAND3",1.32817126453663e-12,1.48374803628582,0.873,0.449,1.21620642693619e-07,"Normal","ZFAND3","Basal"
"25","MACF1",1.69532892445724e-12,1.16182804265032,0.922,0.753,1.5524126961255e-07,"Normal","MACF1","Basal"
"26","NEDD4L",2.53715744615866e-12,1.01007974963611,0.98,0.787,2.32327507344749e-07,"Normal","NEDD4L","Basal"
"27","CYP4Z2P",2.62172440966678e-12,1.90915993638306,0.745,0.213,2.40071304193187e-07,"Normal","CYP4Z2P","Basal"
"28","NF1",3.52122250158502e-12,1.61156919985425,0.814,0.517,3.22438344470141e-07,"Normal","NF1","Basal"
"29","POLR2J3",3.83315708095105e-12,1.80150195302673,0.765,0.303,3.51002193902688e-07,"Normal","POLR2J3","Basal"
"30","H3-3B",3.87219752667928e-12,1.39974847727601,0.902,0.337,3.54577127518022e-07,"Normal","H3-3B","Basal"
"32","UBE2Q2P2",6.61696460117526e-12,2.27430431347205,0.667,0.18,6.05915448529619e-07,"Normal","UBE2Q2P2","Basal"
"33","ADAMTSL4-AS1",1.23112771952789e-11,2.0092173271634,0.696,0.191,1.12734365277169e-06,"Normal","ADAMTSL4-AS1","Basal"
"34","KIAA1217",1.49944295709013e-11,0.888122847625896,0.961,0.753,1.37303991580743e-06,"Normal","KIAA1217","Basal"
"35","CYRIB",2.08224496945939e-11,1.6793225158979,0.765,0.247,1.90671171853397e-06,"Normal","CYRIB","Basal"
"36","WWOX",3.71832627888585e-11,1.40289204016067,0.843,0.416,3.40487137357577e-06,"Normal","WWOX","Basal"
"37","LPP",4.14361675419742e-11,0.94712991998631,0.912,0.742,3.79430986181857e-06,"Normal","LPP","Basal"
"38","NPIPB4",6.22223647555042e-11,1.37357736193486,0.824,0.326,5.69770194066152e-06,"Normal","NPIPB4","Basal"
"39","SDK1",9.04078739281266e-11,1.7665263824142,0.725,0.27,8.27864901559856e-06,"Normal","SDK1","Basal"
"40","MYH9",1.12021972138492e-10,1.03091245207712,0.951,0.764,1.02578519887217e-05,"Normal","MYH9","Basal"
"41","JMJD1C",1.14661281970692e-10,1.00278450360434,0.941,0.719,1.04995335900562e-05,"Normal","JMJD1C","Basal"
"42","MRTFA",1.24273583029802e-10,1.41427653237672,0.804,0.281,1.1379731998039e-05,"Normal","MRTFA","Basal"
"43","LRMDA",1.29705462446447e-10,1.95957574969395,0.696,0.292,1.18771291962211e-05,"Normal","LRMDA","Basal"
"44","SPDYE16",1.31385388002824e-10,1.90749408105413,0.618,0.157,1.20309599794186e-05,"Normal","SPDYE16","Basal"
"45","PRKY",1.39871393593783e-10,3.637025841317,0.431,0.034,1.28080235113828e-05,"Normal","PRKY","Basal"
"46","CORO1C",1.42438954952237e-10,1.84352822520891,0.725,0.393,1.30431351049764e-05,"Normal","CORO1C","Basal"
"47","AKAP13",1.43467333614446e-10,1.14120348270093,0.863,0.629,1.31373037390748e-05,"Normal","AKAP13","Basal"
"48","SLC39A11",1.61473064525635e-10,1.76035773882571,0.745,0.371,1.47860885186124e-05,"Normal","SLC39A11","Basal"
"49","SYN3",2.2501492299816e-10,2.99076734058074,0.5,0.079,2.06046164989415e-05,"Normal","SYN3","Basal"
"50","NPIPB5",2.6796665916609e-10,1.38898854819217,0.794,0.348,2.45377069798389e-05,"Normal","NPIPB5","Basal"
"51","ADK",3.28540023920097e-10,1.13868192140729,0.882,0.64,3.00844099903633e-05,"Normal","ADK","Basal"
"52","IMMP2L",4.56657003537364e-10,1.30564315673554,0.804,0.506,4.18160818139164e-05,"Normal","IMMP2L","Basal"
"53","ZBTB20",4.88047323829913e-10,1.10767812721886,0.873,0.674,4.46904934431051e-05,"Normal","ZBTB20","Basal"
"54","SNHG31",4.96609347963347e-10,1.61609818114394,0.696,0.27,4.54745179930037e-05,"Normal","SNHG31","Basal"
"55","TCF12",4.98180761593466e-10,1.36483131805075,0.814,0.472,4.56184123391137e-05,"Normal","TCF12","Basal"
"56","NIBAN2",5.31146981171354e-10,2.01323304091933,0.637,0.213,4.86371290658609e-05,"Normal","NIBAN2","Basal"
"57","MTND2P28",5.69047384815038e-10,1.31191326697117,0.814,0.315,5.21076690275131e-05,"Normal","MTND2P28","Basal"
"58","DOCK5",6.08316184476892e-10,1.49983804042404,0.804,0.494,5.5703513012549e-05,"Normal","DOCK5","Basal"
"60","MAML2",8.03659601341451e-10,1.2459116759858,0.824,0.607,7.35911096948367e-05,"Normal","MAML2","Basal"
"63","FAM160A1",9.26539174139163e-10,1.41638809845207,0.755,0.315,8.48431921759232e-05,"Normal","FAM160A1","Basal"
"64","TRIO",9.52194419132039e-10,1.44510197975661,0.794,0.483,8.71924429599208e-05,"Normal","TRIO","Basal"
"65","TANC2",1.18953248840373e-09,1.46641117110626,0.755,0.483,0.00010892548996313,"Normal","TANC2","Basal"
"66","ANK3",1.21202823926996e-09,1.06789199257333,0.892,0.674,0.00011098542586995,"Normal","ANK3","Basal"
"67","GPCPD1",1.21371986079328e-09,1.63806711966413,0.725,0.382,0.000111140327652841,"Normal","GPCPD1","Basal"
"68","SMYD3",1.35925328921034e-09,1.38017522149219,0.804,0.483,0.000124466823692991,"Normal","SMYD3","Basal"
"69","GPHN",1.52745849627994e-09,1.66574918314005,0.696,0.36,0.000139869374504354,"Normal","GPHN","Basal"
"70","STEAP1B",1.59189251617974e-09,1.23394886609235,0.794,0.326,0.000145769597706578,"Normal","STEAP1B","Basal"
"71","PDXDC2P-NPIPB14P",1.6916963946927e-09,1.66988756388618,0.686,0.258,0.00015490863886201,"Normal","PDXDC2P-NPIPB14P","Basal"
"72","CAMK1D",1.74049737665955e-09,1.1856579260881,0.843,0.607,0.000159377344780715,"Normal","CAMK1D","Basal"
"73","MTSS2",1.95534327290698e-09,2.44264666611574,0.49,0.09,0.000179050783500092,"Normal","MTSS2","Basal"
"74","ABI1",2.06543373302176e-09,1.15832978447046,0.853,0.618,0.000189131766932803,"Normal","ABI1","Basal"
"75","FOXP1",2.31652063050338e-09,0.735633158549511,0.931,0.831,0.000212123794135194,"Normal","FOXP1","Basal"
"77","EXT1",3.19450484365092e-09,1.21997173235429,0.853,0.528,0.000292520808533115,"Normal","EXT1","Basal"
"78","XPR1",3.33640234250585e-09,1.2287677902853,0.804,0.562,0.00030551436250326,"Normal","XPR1","Basal"
"79","FHIT",3.48425975357434e-09,1.22913634412433,0.765,0.449,0.000319053665634802,"Normal","FHIT","Basal"
"80","CLASP1",4.15179996336444e-09,1.462778507015,0.725,0.427,0.000380180322645281,"Normal","CLASP1","Basal"
"81","PVT1",4.26125925983068e-09,1.40430514046026,0.745,0.461,0.000390203510422695,"Normal","PVT1","Basal"
"82","PTPRG",4.47610770126283e-09,1.81494927371575,0.657,0.337,0.000409877182204638,"Normal","PTPRG","Basal"
"83","BAIAP2L1",5.22589845543458e-09,1.35603867895409,0.765,0.404,0.000478535521564145,"Normal","BAIAP2L1","Basal"
"84","RFX2",5.2406997262297e-09,1.42172406381882,0.775,0.472,0.000479890873930854,"Normal","RFX2","Basal"
"86","MIR1244-2",5.75346909906922e-09,1.41749237696689,0.716,0.258,0.000526845165401769,"Normal","MIR1244-2","Basal"
"87","SEPTIN2",8.66380161856926e-09,1.54330630942204,0.647,0.236,0.000793344314212387,"Normal","SEPTIN2","Basal"
"88","EXOC4",8.70041738087696e-09,1.313165335263,0.794,0.472,0.000796697219566903,"Normal","EXOC4","Basal"
"90","ZSWIM6",9.72873286431364e-09,1.03774763916684,0.882,0.607,0.0008908600683852,"Normal","ZSWIM6","Basal"
"91","CYP24A1",1.12361905377577e-08,3.1316618182559,0.48,0.135,0.00102889796754248,"Normal","CYP24A1","Basal"
"92","PRKN",1.23231683736543e-08,2.21232861924973,0.48,0.101,0.00112843252797553,"Normal","PRKN","Basal"
"94","SPIDR",1.30539756770264e-08,1.17963598538828,0.794,0.483,0.00119535255274531,"Normal","SPIDR","Basal"
"95","PCCA",1.59930842479085e-08,1.48903515990264,0.686,0.371,0.00146448672458099,"Normal","PCCA","Basal"
"96","PEDS1-UBE2V1",1.63076963432107e-08,1.65764381867268,0.608,0.202,0.0014932957541478,"Normal","PEDS1-UBE2V1","Basal"
"97","DANT2",1.86952422318827e-08,2.05306891051775,0.578,0.213,0.0017119233311735,"Normal","DANT2","Basal"
"98","TOP1",1.87547487764025e-08,0.890120659340694,0.873,0.764,0.00171737234545518,"Normal","TOP1","Basal"
"99","MECOM",2.04540709426581e-08,0.849287132505491,0.863,0.708,0.0018729792762192,"Normal","MECOM","Basal"
"100","AFF1",2.20818954284625e-08,1.13747354227655,0.784,0.551,0.00202203916438432,"Normal","AFF1","Basal"
"101","EYA2",2.33501757915225e-08,1.1542430964111,0.814,0.629,0.00213817559722972,"Normal","EYA2","Basal"
"102","LOC101928626",2.40266817449656e-08,1.10924679361697,0.814,0.337,0.0022001232473865,"Normal","LOC101928626","Basal"
"103","PSD3",2.43009454609229e-08,1.16810163203363,0.814,0.573,0.00222523757585671,"Normal","PSD3","Basal"
"105","FGD4",2.61290829719163e-08,1.52356492043272,0.696,0.393,0.00239264012773838,"Normal","FGD4","Basal"
"106","MTCO2P12",2.90273529450542e-08,1.30028694798083,0.725,0.281,0.00265803470917861,"Normal","MTCO2P12","Basal"
"107","RERE",2.91787714631186e-08,1.21185597202868,0.794,0.596,0.00267190010287777,"Normal","RERE","Basal"
"108","DTX2P1-UPK3BP1-PMS2P11",3.00472861059942e-08,1.5824483525443,0.618,0.213,0.00275142998872589,"Normal","DTX2P1-UPK3BP1-PMS2P11","Basal"
"109","CHCHD3",3.39356287024398e-08,1.32302934882821,0.745,0.517,0.00310748552028241,"Normal","CHCHD3","Basal"
"110","TANC1",3.73434223323994e-08,1.18944524477059,0.755,0.494,0.00341953718297781,"Normal","TANC1","Basal"
"111","MACROD2",4.01863230800196e-08,1.53934801267385,0.716,0.427,0.00367986160443739,"Normal","MACROD2","Basal"
"113","SCHLAP1",4.59864778971907e-08,1.35652996450788,0.706,0.258,0.00421098178104575,"Normal","SCHLAP1","Basal"
"114","SEPTIN10",5.15426497142282e-08,2.65562906161806,0.402,0.067,0.00471976043433187,"Normal","SEPTIN10","Basal"
"115","NME1-NME2",6.34050870606948e-08,1.52952126200468,0.618,0.247,0.00580600382214782,"Normal","NME1-NME2","Basal"
"116","VPS37B",6.56208016021105e-08,1.36132357295581,0.745,0.494,0.00600889680270525,"Normal","VPS37B","Basal"
"117","SNHG5",6.80743027894518e-08,1.32128862012161,0.647,0.258,0.0062335639064301,"Normal","SNHG5","Basal"
"118","AGAP1",7.38201693373323e-08,1.46824203496,0.686,0.36,0.00675971290621952,"Normal","AGAP1","Basal"
"119","FTX",7.71685318129337e-08,0.97907320479061,0.814,0.584,0.00706632245811034,"Normal","FTX","Basal"
"120","TPM4",8.69379497520123e-08,0.903870487504121,0.853,0.798,0.00796090805879177,"Normal","TPM4","Basal"
"122","GAS5",9.78744493275802e-08,1.45866940429347,0.637,0.258,0.00896236332492652,"Normal","GAS5","Basal"
"124","FAM157A",1.33388849597782e-07,2.32030042330659,0.422,0.09,0.0122144169576689,"Normal","FAM157A","Basal"
"125","MCF2L2",1.55627231121626e-07,1.62366756251872,0.559,0.191,0.0142507855538073,"Normal","MCF2L2","Basal"
"126","MED13L",1.83321365403946e-07,1.05159037995391,0.804,0.596,0.0167867374300393,"Normal","MED13L","Basal"
"127","TBC1D5",1.96396151332381e-07,1.25521683493204,0.735,0.494,0.0179839955775061,"Normal","TBC1D5","Basal"
"129","BMS1P1",2.11396632239569e-07,1.7678893272917,0.461,0.124,0.0193575896141773,"Normal","BMS1P1","Basal"
"130","CERT1",2.14305412611288e-07,1.54342479089998,0.618,0.236,0.0196239466328157,"Normal","CERT1","Basal"
"131","IL6ST",2.20174631138826e-07,0.804422763615941,0.892,0.775,0.0201613909733823,"Normal","IL6ST","Basal"
"132","AMBRA1",2.31344141632831e-07,1.46040466718449,0.676,0.315,0.0211841830493183,"Normal","AMBRA1","Basal"
"133","EEF1B2P6",2.31689070857531e-07,1.81123058399259,0.51,0.18,0.0212157682184241,"Normal","EEF1B2P6","Basal"
"134","FAF1",2.32627869732901e-07,0.937908314536037,0.814,0.697,0.0213017340314418,"Normal","FAF1","Basal"
"135","MCC",2.42724243545432e-07,1.53111031086449,0.667,0.404,0.0222262589814552,"Normal","MCC","Basal"
"136","DTNB",2.58670819712861e-07,1.55882732515474,0.647,0.337,0.0236864869611067,"Normal","DTNB","Basal"
"137","SLC22A23",2.69045312805458e-07,1.38917681482738,0.706,0.461,0.0246364792935958,"Normal","SLC22A23","Basal"
"138","ARMH4",2.8977676592064e-07,1.52098973086861,0.588,0.236,0.026534858455353,"Normal","ARMH4","Basal"
"139","SIK3",3.26825393439038e-07,1.02047753219417,0.804,0.506,0.0299274012772127,"Normal","SIK3","Basal"
"140","EFNA5",3.45358622910832e-07,1.08538667176492,0.794,0.596,0.0316244890999449,"Normal","EFNA5","Basal"
"142","DTWD2",3.54101371264491e-07,1.39392542755556,0.647,0.292,0.0324250625666894,"Normal","DTWD2","Basal"
"143","MICOS13",3.62340671230486e-07,1.64896464312302,0.441,0.112,0.0331795352645756,"Normal","MICOS13","Basal"
"144","CUX1",3.62744440297379e-07,0.913238819561174,0.824,0.652,0.033216508398031,"Normal","CUX1","Basal"
"145","SMG1P1",4.05218566461674e-07,1.21587508367492,0.657,0.27,0.0371058641308955,"Normal","SMG1P1","Basal"
"146","SH3D19",4.0628314998713e-07,1.57072560239676,0.667,0.416,0.0372033480443215,"Normal","SH3D19","Basal"
"147","EIF3EP3",4.21487527467537e-07,2.38808223624256,0.353,0.056,0.0385956128902024,"Normal","EIF3EP3","Basal"
"148","ZC3H11A",4.4816551069835e-07,1.44075300580322,0.608,0.258,0.0410385158146479,"Normal","ZC3H11A","Basal"
"149","MAST4",4.52942739940101e-07,0.948840369243646,0.804,0.685,0.0414759666963151,"Normal","MAST4","Basal"
"150","LOC102724788",4.57620033663251e-07,2.61804034758294,0.412,0.101,0.0419042664825439,"Normal","LOC102724788","Basal"
"151","CEP128",4.7707824482495e-07,1.85825821888542,0.431,0.101,0.0436860548786206,"Normal","CEP128","Basal"
"152","KIF13A",4.95660165268608e-07,1.25306099822384,0.706,0.438,0.0453876013336465,"Normal","KIF13A","Basal"
"153","MACROH2A1",5.27756836020282e-07,2.01000923686298,0.431,0.112,0.0483266934743773,"Normal","MACROH2A1","Basal"
"154","CSNK1A1",5.28728957244266e-07,0.718870219917332,0.882,0.82,0.0484157106148574,"Normal","CSNK1A1","Basal"
"1478","H3F3A",3.39953749068348e-20,5.74877882322331,0.618,0,3.11295648021886e-15,"COPD","H3F3A","Basal"
"1485","H3F3B",2.58516151556044e-19,5.72455835073313,0.596,0,2.3672323997987e-14,"COPD","H3F3B","Basal"
"1487","CTSD",7.02059709610007e-19,5.04670491047051,0.584,0,6.42876076089883e-14,"COPD","CTSD","Basal"
"1488","MTRNR2L12",1.88752382166517e-18,5.58866386363283,0.573,0,1.72840556349879e-13,"COPD","MTRNR2L12","Basal"
"1490","HNRNPA1",1.88752382166517e-18,5.26517951312848,0.573,0,1.72840556349879e-13,"COPD","HNRNPA1","Basal"
"1491","CALM2",1.88752382166517e-18,5.18244342562176,0.573,0,1.72840556349879e-13,"COPD","CALM2","Basal"
"1492","FTH1",2.25528150876338e-18,3.56308107989454,0.764,0.225,2.06516127757463e-13,"COPD","FTH1","Basal"
"1493","BTG1",2.70864627483258e-18,4.46402352879287,0.596,0.02,2.4803073938642e-13,"COPD","BTG1","Basal"
"1494","PRDX2",5.02447141178877e-18,4.60924182399591,0.562,0,4.60090847177497e-13,"COPD","PRDX2","Basal"
"1496","WDR83OS",1.32438784168079e-17,4.53365340270874,0.551,0,1.2127419466271e-12,"COPD","WDR83OS","Basal"
"1497","PCBP1",1.32438784168079e-17,4.50178774328846,0.551,0,1.2127419466271e-12,"COPD","PCBP1","Basal"
"1499","EEF1D",2.19377782680398e-17,3.41318295736274,0.697,0.137,2.0088423560044e-12,"COPD","EEF1D","Basal"
"1500","C19orf33",3.45711629859567e-17,4.87563315609819,0.539,0,3.16568139462405e-12,"COPD","C19orf33","Basal"
"1501","UQCR11",3.45711629859567e-17,4.77073125645652,0.539,0,3.16568139462405e-12,"COPD","UQCR11","Basal"
"1503","NEDD8",3.45711629859567e-17,4.32373306881407,0.539,0,3.16568139462405e-12,"COPD","NEDD8","Basal"
"1504","ADIRF",6.33175105388758e-17,4.44835481632324,0.618,0.078,5.79798444004485e-12,"COPD","ADIRF","Basal"
"1506","MIF",8.93786416870533e-17,4.66188800925502,0.528,0,8.18440221928347e-12,"COPD","MIF","Basal"
"1507","AES",8.93786416870533e-17,4.61158915340471,0.528,0,8.18440221928347e-12,"COPD","AES","Basal"
"1508","NKX2-1",8.93786416870533e-17,4.59171489565717,0.528,0,8.18440221928347e-12,"COPD","NKX2-1","Basal"
"1509","TSTD1",8.93786416870533e-17,4.28172953037968,0.528,0,8.18440221928347e-12,"COPD","TSTD1","Basal"
"1510","HIGD2A",2.28887073984524e-16,4.53524422858945,0.517,0,2.09591893647628e-11,"COPD","HIGD2A","Basal"
"1511","NDUFC2",2.28887073984524e-16,4.45276855541208,0.517,0,2.09591893647628e-11,"COPD","NDUFC2","Basal"
"1512","HIST1H4C",2.28887073984524e-16,4.31277111444698,0.517,0,2.09591893647628e-11,"COPD","HIST1H4C","Basal"
"1513","PPIB",4.05401473402162e-16,4.29516613352171,0.539,0.02,3.7122612919436e-11,"COPD","PPIB","Basal"
"1514","NDUFA11",5.80661728437015e-16,4.45662849444002,0.506,0,5.31711944729775e-11,"COPD","NDUFA11","Basal"
"1515","H1FX",5.80661728437015e-16,4.37213623855267,0.506,0,5.31711944729775e-11,"COPD","H1FX","Basal"
"1516","ARL6IP4",5.80661728437015e-16,4.13112803672382,0.506,0,5.31711944729775e-11,"COPD","ARL6IP4","Basal"
"1517","C8orf59",5.80661728437015e-16,4.07913210906348,0.506,0,5.31711944729775e-11,"COPD","C8orf59","Basal"
"1518","SUMO2",6.88444214836931e-16,3.34985047797665,0.64,0.118,6.30408367526178e-11,"COPD","SUMO2","Basal"
"1520","EIF4A1",1.45943951321404e-15,4.18489879355442,0.494,0,1.33640876225009e-10,"COPD","EIF4A1","Basal"
"1521","SEPT7",1.45943951321404e-15,3.98509574502764,0.494,0,1.33640876225009e-10,"COPD","SEPT7","Basal"
"1524","H2AFZ",3.63459823074652e-15,4.33361475747697,0.483,0,3.32820159989458e-10,"COPD","H2AFZ","Basal"
"1525","RARRES3",3.63459823074652e-15,4.12553707295083,0.483,0,3.32820159989458e-10,"COPD","RARRES3","Basal"
"1526","SEPT2",3.63459823074652e-15,3.97585913558085,0.483,0,3.32820159989458e-10,"COPD","SEPT2","Basal"
"1527","CLIC1",4.40994230690456e-15,2.84937540098737,0.618,0.088,4.03818417043251e-10,"COPD","CLIC1","Basal"
"1528","SRSF9",4.72152182610496e-15,3.45695236798918,0.517,0.02,4.32349753616431e-10,"COPD","SRSF9","Basal"
"1529","ARPC3",7.20153673734825e-15,4.03559550279226,0.517,0.029,6.5944471903898e-10,"COPD","ARPC3","Basal"
"1530","FAM213A",8.96975366948719e-15,4.130923935716,0.472,0,8.21360343514942e-10,"COPD","FAM213A","Basal"
"1531","PSMA2",8.96975366948719e-15,4.01657603040205,0.472,0,8.21360343514942e-10,"COPD","PSMA2","Basal"
"1532","MINOS1",8.96975366948719e-15,4.00139389877676,0.472,0,8.21360343514942e-10,"COPD","MINOS1","Basal"
"1533","TMBIM4",8.96975366948719e-15,3.93205785409244,0.472,0,8.21360343514942e-10,"COPD","TMBIM4","Basal"
"1534","C9orf3",8.96975366948719e-15,3.92191604686324,0.472,0,8.21360343514942e-10,"COPD","C9orf3","Basal"
"1535","PRELID1",8.96975366948719e-15,3.87652830176825,0.472,0,8.21360343514942e-10,"COPD","PRELID1","Basal"
"1536","GAPDH",9.17429601642962e-15,2.78904577158928,0.719,0.294,8.4009028622446e-10,"COPD","GAPDH","Basal"
"1537","MTRNR2L1",1.09353310971147e-14,3.73383982426446,0.551,0.049,1.0013482685628e-09,"COPD","MTRNR2L1","Basal"
"1539","TMEM205",2.19383903880262e-14,3.86844643091647,0.461,0,2.00889840783156e-09,"COPD","TMEM205","Basal"
"1540","EEF1A1",5.25810955247343e-14,1.19455417586888,0.933,0.784,4.81485091719992e-09,"COPD","EEF1A1","Basal"
"1541","NDUFB8",5.3183324230751e-14,3.88258080328656,0.449,0,4.86999699980987e-09,"COPD","NDUFB8","Basal"
"1542","VAMP2",5.3183324230751e-14,3.84493927463779,0.449,0,4.86999699980987e-09,"COPD","VAMP2","Basal"
"1543","FKBP1A",5.3183324230751e-14,3.73820077662494,0.449,0,4.86999699980987e-09,"COPD","FKBP1A","Basal"
"1544","TMEM173",5.3183324230751e-14,3.73626949721242,0.449,0,4.86999699980987e-09,"COPD","TMEM173","Basal"
"1545","FAM96B",5.3183324230751e-14,3.71070558095231,0.449,0,4.86999699980987e-09,"COPD","FAM96B","Basal"
"1546","PYURF",5.3183324230751e-14,3.6260317861042,0.449,0,4.86999699980987e-09,"COPD","PYURF","Basal"
"1547","ARPC1A",5.3183324230751e-14,3.45225664045983,0.449,0,4.86999699980987e-09,"COPD","ARPC1A","Basal"
"1548","UBB",6.88580059306494e-14,2.60527368105038,0.685,0.196,6.30532760306956e-09,"COPD","UBB","Basal"
"1549","MTRNR2L8",8.67742270154252e-14,3.08471901890313,0.607,0.127,7.94591596780248e-09,"COPD","MTRNR2L8","Basal"
"1550","STUB1",1.02147334086652e-13,3.2844351238013,0.461,0.01,9.35363138231475e-09,"COPD","STUB1","Basal"
"1551","ARPC1B",1.27802409230496e-13,4.11652234343673,0.438,0,1.17028666132365e-08,"COPD","ARPC1B","Basal"
"1552","SARS",1.27802409230496e-13,3.77554189836709,0.438,0,1.17028666132365e-08,"COPD","SARS","Basal"
"1553","C19orf70",1.27802409230496e-13,3.76368884967071,0.438,0,1.17028666132365e-08,"COPD","C19orf70","Basal"
"1554","SPTSSA",1.27802409230496e-13,3.69819843920756,0.438,0,1.17028666132365e-08,"COPD","SPTSSA","Basal"
"1555","PHB",1.58088657172588e-13,3.30539487849063,0.461,0.01,1.44761783372939e-08,"COPD","PHB","Basal"
"1556","MCL1",1.65642882851141e-13,3.19619667311881,0.551,0.059,1.5167918782679e-08,"COPD","MCL1","Basal"
"1558","PPIA",1.68436436329244e-13,1.13872617329574,0.955,0.627,1.54237244746689e-08,"COPD","PPIA","Basal"
"1559","DDT",2.20416898519153e-13,2.6570896055123,0.596,0.098,2.01835753973988e-08,"COPD","DDT","Basal"
"1560","H2AFY",3.04468160267494e-13,3.94662209955642,0.427,0,2.78801494356944e-08,"COPD","H2AFY","Basal"
"1561","BLOC1S1",3.04468160267494e-13,3.80223283841848,0.427,0,2.78801494356944e-08,"COPD","BLOC1S1","Basal"
"1562","SELENOH",3.04468160267494e-13,3.64496970195782,0.427,0,2.78801494356944e-08,"COPD","SELENOH","Basal"
"1563","KDELR2",3.04468160267494e-13,3.52629061178019,0.427,0,2.78801494356944e-08,"COPD","KDELR2","Basal"
"1564","ADSS",3.04468160267494e-13,3.32969137334978,0.427,0,2.78801494356944e-08,"COPD","ADSS","Basal"
"1566","POLR2F",4.06960932007602e-13,3.36261950060924,0.449,0.01,3.72654125439361e-08,"COPD","POLR2F","Basal"
"1567","TUBA1B",6.60986563966976e-13,2.41568680692435,0.596,0.088,6.05265396624559e-08,"COPD","TUBA1B","Basal"
"1568","CNPY2",7.19168343313747e-13,3.58145637498395,0.416,0,6.58542451972399e-08,"COPD","CNPY2","Basal"
"1569","SEPT9",7.19168343313747e-13,3.51807692126991,0.416,0,6.58542451972399e-08,"COPD","SEPT9","Basal"
"1571","ARHGDIA",1.33591911527236e-12,3.02229789858912,0.449,0.02,1.2233011338549e-07,"COPD","ARHGDIA","Basal"
"1572","EIF6",1.60502082962861e-12,3.02932958253804,0.483,0.039,1.46971757369092e-07,"COPD","EIF6","Basal"
"1573","NHP2",1.64437158306324e-12,2.9986598931156,0.517,0.069,1.50575105861101e-07,"COPD","NHP2","Basal"
"1574","C6orf48",1.68442548951438e-12,3.68086791261806,0.404,0,1.54242842074832e-07,"COPD","C6orf48","Basal"
"1575","TP53TG1",1.68442548951438e-12,3.65080083160127,0.404,0,1.54242842074832e-07,"COPD","TP53TG1","Basal"
"1577","RAB5C",1.68442548951438e-12,3.40401884466665,0.404,0,1.54242842074832e-07,"COPD","RAB5C","Basal"
"1578","TMEM238",1.68442548951438e-12,3.37678953497995,0.404,0,1.54242842074832e-07,"COPD","TMEM238","Basal"
"1579","SMIM7",1.68442548951438e-12,3.28131671762811,0.404,0,1.54242842074832e-07,"COPD","SMIM7","Basal"
"1580","TRAPPC1",2.08760172552553e-12,3.19041855692788,0.438,0.02,1.91161690006373e-07,"COPD","TRAPPC1","Basal"
"1583","FAM129B",3.91248393220245e-12,3.72657265404332,0.393,0,3.58266153671778e-07,"COPD","FAM129B","Basal"
"1584","SOX2",3.91248393220245e-12,3.72126306402277,0.393,0,3.58266153671778e-07,"COPD","SOX2","Basal"
"1585","COL4A3BP",3.91248393220245e-12,3.52566933889973,0.393,0,3.58266153671778e-07,"COPD","COL4A3BP","Basal"
"1586","IER3IP1",3.91248393220245e-12,3.40467020913573,0.393,0,3.58266153671778e-07,"COPD","IER3IP1","Basal"
"1587","TROVE2",3.91248393220245e-12,3.28130827618635,0.393,0,3.58266153671778e-07,"COPD","TROVE2","Basal"
"1588","PSMA1",4.27979275094304e-12,2.3946014975041,0.449,0.02,3.91900622203854e-07,"COPD","PSMA1","Basal"
"1589","CCT5",4.94634387076584e-12,2.9616953156632,0.449,0.029,4.52936708246028e-07,"COPD","CCT5","Basal"
"1590","C1QBP",5.18186543937083e-12,2.32499631571475,0.607,0.137,4.74503418283187e-07,"COPD","C1QBP","Basal"
"1591","IRX5",6.29211997666269e-12,3.02101780346541,0.461,0.039,5.76169426263003e-07,"COPD","IRX5","Basal"
"1592","CD81",6.98667368299128e-12,1.74113771371766,0.787,0.412,6.39769709151512e-07,"COPD","CD81","Basal"
"1593","CLDN7",7.30326901518003e-12,3.46389775004534,0.438,0.029,6.68760343720035e-07,"COPD","CLDN7","Basal"
"1594","IGFBP2",8.59481439579104e-12,1.61033070546015,0.843,0.451,7.87027154222585e-07,"COPD","IGFBP2","Basal"
"1595","ID4",8.88748984420823e-12,2.5624874502568,0.551,0.098,8.13827445034148e-07,"COPD","ID4","Basal"
"1596","PMF1",9.01322271836138e-12,3.50417168514382,0.382,0,8.25340804320351e-07,"COPD","PMF1","Basal"
"1597","EPRS",9.01322271836138e-12,3.25877744471417,0.382,0,8.25340804320351e-07,"COPD","EPRS","Basal"
"1598","RNASET2",9.01322271836138e-12,3.01088816538611,0.382,0,8.25340804320351e-07,"COPD","RNASET2","Basal"
"1599","CALR",1.17052825912193e-11,2.34679542007587,0.618,0.196,1.07185272687795e-06,"COPD","CALR","Basal"
"1600","ANKRD12",1.80875544300493e-11,2.16711924903141,0.573,0.118,1.65627735915962e-06,"COPD","ANKRD12","Basal"
"1601","STARD10",1.91585021512868e-11,3.45887049597891,0.393,0.01,1.75434404199334e-06,"COPD","STARD10","Basal"
"1602","ADH1C",2.05959600395745e-11,4.15870043052011,0.371,0,1.88597206082384e-06,"COPD","ADH1C","Basal"
"1603","CYR61",2.05959600395745e-11,3.97391271141197,0.371,0,1.88597206082384e-06,"COPD","CYR61","Basal"
"1604","LRRC75A",2.05959600395745e-11,3.70876938045362,0.371,0,1.88597206082384e-06,"COPD","LRRC75A","Basal"
"1605","ARL6IP1",2.05959600395745e-11,3.27811405308364,0.371,0,1.88597206082384e-06,"COPD","ARL6IP1","Basal"
"1606","SMIM37",2.05959600395745e-11,3.26239461925875,0.371,0,1.88597206082384e-06,"COPD","SMIM37","Basal"
"1607","H2AFV",2.05959600395745e-11,3.20546600994869,0.371,0,1.88597206082384e-06,"COPD","H2AFV","Basal"
"1608","FAM49B",2.05959600395745e-11,3.1295694257959,0.371,0,1.88597206082384e-06,"COPD","FAM49B","Basal"
"1609","EPB41L4A-AS1",2.05959600395745e-11,3.12070110742378,0.371,0,1.88597206082384e-06,"COPD","EPB41L4A-AS1","Basal"
"1610","HIGD1A",2.05959600395745e-11,2.94834115019373,0.371,0,1.88597206082384e-06,"COPD","HIGD1A","Basal"
"1612","H2AFJ",4.66881292895083e-11,3.31307293498959,0.36,0,4.27523199904027e-06,"COPD","H2AFJ","Basal"
"1613","MOB4",4.66881292895083e-11,3.24074067357461,0.36,0,4.27523199904027e-06,"COPD","MOB4","Basal"
"1614","CHMP1B",4.66881292895083e-11,3.16950296233703,0.36,0,4.27523199904027e-06,"COPD","CHMP1B","Basal"
"1615","TMEM256",4.66881292895083e-11,3.0435047659893,0.36,0,4.27523199904027e-06,"COPD","TMEM256","Basal"
"1616","PABPN1",4.66881292895083e-11,2.993860753864,0.36,0,4.27523199904027e-06,"COPD","PABPN1","Basal"
"1617","NCBP2-AS2",4.66881292895083e-11,2.7466771061094,0.36,0,4.27523199904027e-06,"COPD","NCBP2-AS2","Basal"
"1618","DDIT4",4.95597273210373e-11,2.72886564690909,0.539,0.118,4.53818423078738e-06,"COPD","DDIT4","Basal"
"1620","IER3",5.89090384462126e-11,2.4587813050373,0.551,0.118,5.39430065051969e-06,"COPD","IER3","Basal"
"1622","SLC43A3",9.22778282784461e-11,3.31119734143941,0.371,0.01,8.44988073545731e-06,"COPD","SLC43A3","Basal"
"1623","KARS",1.05003084750965e-10,3.20126325667395,0.348,0,9.61513247064583e-06,"COPD","KARS","Basal"
"1624","C5orf24",1.05003084750965e-10,3.20097183388709,0.348,0,9.61513247064583e-06,"COPD","C5orf24","Basal"
"1625","NARS",1.05003084750965e-10,3.11903389275572,0.348,0,9.61513247064583e-06,"COPD","NARS","Basal"
"1626","MARCH6",1.05003084750965e-10,3.11117123410306,0.348,0,9.61513247064583e-06,"COPD","MARCH6","Basal"
"1627","EMC6",1.05003084750965e-10,2.98826619232469,0.348,0,9.61513247064583e-06,"COPD","EMC6","Basal"
"1628","PQLC1",1.05003084750965e-10,2.96286693994943,0.348,0,9.61513247064583e-06,"COPD","PQLC1","Basal"
"1629","SEPT10",1.05003084750965e-10,2.87882635744842,0.348,0,9.61513247064583e-06,"COPD","SEPT10","Basal"
"1630","SRP19",1.05003084750965e-10,2.82602174128824,0.348,0,9.61513247064583e-06,"COPD","SRP19","Basal"
"1631","CHMP4A",1.05003084750965e-10,2.68321863685722,0.348,0,9.61513247064583e-06,"COPD","CHMP4A","Basal"
"1632","C1orf56",1.06915232260256e-10,2.9632062177365,0.393,0.02,9.79022781807168e-06,"COPD","C1orf56","Basal"
"1633","CERS2",1.15277698904523e-10,2.91667023655382,0.393,0.02,1.05559788886871e-05,"COPD","CERS2","Basal"
"1634","CLU",1.29487690023883e-10,1.62384771301437,0.753,0.343,1.1857187775487e-05,"COPD","CLU","Basal"
"1638","PLA2G16",2.34324736551747e-10,3.39933147741524,0.337,0,2.14571161260435e-05,"COPD","PLA2G16","Basal"
"1639","APOPT1",2.34324736551747e-10,3.10114518854145,0.337,0,2.14571161260435e-05,"COPD","APOPT1","Basal"
"1640","SERTAD4-AS1",2.34324736551747e-10,2.99862264439423,0.337,0,2.14571161260435e-05,"COPD","SERTAD4-AS1","Basal"
"1641","LARS",2.34324736551747e-10,2.98444896407832,0.337,0,2.14571161260435e-05,"COPD","LARS","Basal"
"1642","HEXA",2.34324736551747e-10,2.94119800932667,0.337,0,2.14571161260435e-05,"COPD","HEXA","Basal"
"1643","NUDT14",2.34324736551747e-10,2.91483433443481,0.337,0,2.14571161260435e-05,"COPD","NUDT14","Basal"
"1644","SLC5A3",2.34324736551747e-10,2.7985620050582,0.337,0,2.14571161260435e-05,"COPD","SLC5A3","Basal"
"1645","PTPMT1",2.34324736551747e-10,2.76037507990602,0.337,0,2.14571161260435e-05,"COPD","PTPMT1","Basal"
"1646","DDX54",2.62200227651044e-10,2.39198932554265,0.416,0.039,2.40096748460061e-05,"COPD","DDX54","Basal"
"1647","TPT1",2.66233277280404e-10,0.752055860484033,0.955,0.814,2.43789812005666e-05,"COPD","TPT1","Basal"
"1649","CDC26",3.73106858631545e-10,2.4941392465518,0.393,0.029,3.41653950448906e-05,"COPD","CDC26","Basal"
"1650","CTDNEP1",3.91183001541029e-10,2.48870010517924,0.416,0.039,3.5820627451112e-05,"COPD","CTDNEP1","Basal"
"1651","DDOST",4.09182748448209e-10,2.58254449574791,0.427,0.049,3.74688642754025e-05,"COPD","DDOST","Basal"
"1652","PLCG2",4.11434344816818e-10,2.24327274545416,0.528,0.118,3.7675042954876e-05,"COPD","PLCG2","Basal"
"1653","PTMA",4.1843930044661e-10,0.64291961788655,0.966,0.814,3.83164867418961e-05,"COPD","PTMA","Basal"
"1654","S100A6",4.26376550816254e-10,0.639804371249193,0.966,0.873,3.90433007582444e-05,"COPD","S100A6","Basal"
"1655","MUC1",5.18925335267806e-10,3.53554931817986,0.326,0,4.7517992950473e-05,"COPD","MUC1","Basal"
"1656","QARS",5.18925335267806e-10,3.01947799455668,0.326,0,4.7517992950473e-05,"COPD","QARS","Basal"
"1657","ABHD14B",5.18925335267806e-10,2.90640908673832,0.326,0,4.7517992950473e-05,"COPD","ABHD14B","Basal"
"1658","DARS",5.18925335267806e-10,2.74774311612053,0.326,0,4.7517992950473e-05,"COPD","DARS","Basal"
"1659","PYCR2",5.18925335267806e-10,2.6977526794966,0.326,0,4.7517992950473e-05,"COPD","PYCR2","Basal"
"1660","POLR2L",6.28418726018533e-10,1.09187214910013,0.843,0.559,5.75443027415171e-05,"COPD","POLR2L","Basal"
"1663","SRSF1",8.60309743485217e-10,2.22993640256272,0.348,0.01,7.87785632109413e-05,"COPD","SRSF1","Basal"
"1664","RAB1B",8.98483908474836e-10,2.50102553751841,0.337,0.01,8.22741714990407e-05,"COPD","RAB1B","Basal"
"1665","OS9",9.36966045165679e-10,1.85673219571602,0.539,0.108,8.57979807558212e-05,"COPD","OS9","Basal"
"1666","MAT2A",1.14054759535771e-09,3.18580292466586,0.315,0,0.000104439943306905,"COPD","MAT2A","Basal"
"1667","ASNA1",1.14054759535771e-09,3.18479228749344,0.315,0,0.000104439943306905,"COPD","ASNA1","Basal"
"1668","CDK4",1.14054759535771e-09,3.08124470934644,0.315,0,0.000104439943306905,"COPD","CDK4","Basal"
"1669","C12orf49",1.14054759535771e-09,2.99057085079567,0.315,0,0.000104439943306905,"COPD","C12orf49","Basal"
"1670","SYNJ2BP",1.14054759535771e-09,2.95718064918421,0.315,0,0.000104439943306905,"COPD","SYNJ2BP","Basal"
"1671","C1orf123",1.14054759535771e-09,2.88397059614939,0.315,0,0.000104439943306905,"COPD","C1orf123","Basal"
"1672","ARF3",1.14054759535771e-09,2.75604390119985,0.315,0,0.000104439943306905,"COPD","ARF3","Basal"
"1673","ZNRD1",1.14054759535771e-09,2.74282866791834,0.315,0,0.000104439943306905,"COPD","ZNRD1","Basal"
"1674","PPP2CA",1.14054759535771e-09,2.71487362651544,0.315,0,0.000104439943306905,"COPD","PPP2CA","Basal"
"1675","IMPAD1",1.14054759535771e-09,2.70622981462078,0.315,0,0.000104439943306905,"COPD","IMPAD1","Basal"
"1676","FAM208A",1.14054759535771e-09,2.69090719259717,0.315,0,0.000104439943306905,"COPD","FAM208A","Basal"
"1677","HARS",1.14054759535771e-09,2.55049380043842,0.315,0,0.000104439943306905,"COPD","HARS","Basal"
"1678","HSD17B11",1.27830480641799e-09,2.67385898899203,0.371,0.029,0.000117054371123695,"COPD","HSD17B11","Basal"
"1679","NACA",1.35914169571885e-09,0.969031718635708,0.91,0.637,0.000124456605076975,"COPD","NACA","Basal"
"1680","HMGN2",1.37156229939892e-09,1.91725120923726,0.629,0.255,0.000125593959755959,"COPD","HMGN2","Basal"
"1682","RDH11",1.48272628747105e-09,2.63332102113522,0.36,0.02,0.000135773246143724,"COPD","RDH11","Basal"
"1685","PRDX1",1.63513248758598e-09,1.66536015576505,0.685,0.324,0.000149729081888249,"COPD","PRDX1","Basal"
"1688","TMA7",2.42484175031485e-09,1.21309967738447,0.798,0.529,0.000222042759076331,"COPD","TMA7","Basal"
"1689","PNRC1",2.45125589709548e-09,1.28223136708181,0.787,0.431,0.000224461502497033,"COPD","PNRC1","Basal"
"1691","ICAM4",2.48826176322204e-09,3.13124048514541,0.303,0,0.000227850129658243,"COPD","ICAM4","Basal"
"1692","VKORC1",2.48826176322204e-09,2.91099193652779,0.303,0,0.000227850129658243,"COPD","VKORC1","Basal"
"1693","ZNF593",2.48826176322204e-09,2.84014881220589,0.303,0,0.000227850129658243,"COPD","ZNF593","Basal"
"1694","TIA1",2.48826176322204e-09,2.79715412656714,0.303,0,0.000227850129658243,"COPD","TIA1","Basal"
"1695","NSMCE3",2.48826176322204e-09,2.77735965284946,0.303,0,0.000227850129658243,"COPD","NSMCE3","Basal"
"1696","NAA10",2.48826176322204e-09,2.77274904006652,0.303,0,0.000227850129658243,"COPD","NAA10","Basal"
"1697","CDK5RAP3",2.48826176322204e-09,2.74064740735757,0.303,0,0.000227850129658243,"COPD","CDK5RAP3","Basal"
"1698","HNRNPH2",2.48826176322204e-09,2.71851188006109,0.303,0,0.000227850129658243,"COPD","HNRNPH2","Basal"
"1699","CFAP298",2.48826176322204e-09,2.65127265727413,0.303,0,0.000227850129658243,"COPD","CFAP298","Basal"
"1700","RAB5IF",2.48826176322204e-09,2.63761494945059,0.303,0,0.000227850129658243,"COPD","RAB5IF","Basal"
"1701","HYI",2.48826176322204e-09,2.63461680876652,0.303,0,0.000227850129658243,"COPD","HYI","Basal"
"1702","C12orf10",2.48826176322204e-09,2.58828737259975,0.303,0,0.000227850129658243,"COPD","C12orf10","Basal"
"1703","MARCH5",2.48826176322204e-09,2.55716191575856,0.303,0,0.000227850129658243,"COPD","MARCH5","Basal"
"1704","GCSH",2.48826176322204e-09,2.53449605870748,0.303,0,0.000227850129658243,"COPD","GCSH","Basal"
"1705","ATF7",2.48826176322204e-09,2.4303536518174,0.303,0,0.000227850129658243,"COPD","ATF7","Basal"
"1706","IFRD2",2.52762632562146e-09,1.94760997626834,0.36,0.02,0.000231454742637157,"COPD","IFRD2","Basal"
"1707","AHCY",2.80542911362679e-09,1.92253209842031,0.483,0.088,0.000256893143934805,"COPD","AHCY","Basal"
"1708","WIPI1",3.09637159081991e-09,1.75777642638397,0.506,0.098,0.000283534746571379,"COPD","WIPI1","Basal"
"1709","FAU",3.31077413686844e-09,0.82254170089446,0.933,0.716,0.000303167587713043,"COPD","FAU","Basal"
"1710","ABHD17A",3.58181297653547e-09,1.777124995586,0.483,0.088,0.000327986614261353,"COPD","ABHD17A","Basal"
"1711","HINT1",4.28430808492973e-09,0.889324653965469,0.91,0.647,0.000392314091337016,"COPD","HINT1","Basal"
"1712","CTSZ",4.31851668501671e-09,1.69937858445563,0.618,0.206,0.00039544657284698,"COPD","CTSZ","Basal"
"1714","SPRY1",4.93256012894726e-09,2.39176366577586,0.461,0.088,0.000451674531007701,"COPD","SPRY1","Basal"
"1716","REPIN1",5.13788534914911e-09,1.83484709818096,0.461,0.088,0.000470476161421584,"COPD","REPIN1","Basal"
"1717","SHB",5.38897954454532e-09,3.0328152983692,0.292,0,0.000493468856894015,"COPD","SHB","Basal"
"1718","MUC20-OT1",5.38897954454532e-09,3.0249864066266,0.292,0,0.000493468856894015,"COPD","MUC20-OT1","Basal"
"1719","MAZ",5.38897954454532e-09,2.99719502460266,0.292,0,0.000493468856894015,"COPD","MAZ","Basal"
"1720","THAP9-AS1",5.38897954454532e-09,2.79469169145625,0.292,0,0.000493468856894015,"COPD","THAP9-AS1","Basal"
"1721","AMOTL2",5.38897954454532e-09,2.77301876879191,0.292,0,0.000493468856894015,"COPD","AMOTL2","Basal"
"1722","FAM89B",5.38897954454532e-09,2.7323688279961,0.292,0,0.000493468856894015,"COPD","FAM89B","Basal"
"1723","TWISTNB",5.38897954454532e-09,2.68513755840692,0.292,0,0.000493468856894015,"COPD","TWISTNB","Basal"
"1724","TMED7",5.38897954454532e-09,2.63174235631158,0.292,0,0.000493468856894015,"COPD","TMED7","Basal"
"1725","HNRNPAB",7.50995090029079e-09,1.77531661498423,0.551,0.167,0.000687686203939627,"COPD","HNRNPAB","Basal"
"1726","MRPS18C",8.20156888629273e-09,2.16888346959809,0.416,0.069,0.000751017662917826,"COPD","MRPS18C","Basal"
"1727","SELENOP",9.32130957216794e-09,2.17481703813795,0.517,0.147,0.000853552317523418,"COPD","SELENOP","Basal"
"1728","PAIP2",9.41579936032932e-09,1.3366279552416,0.629,0.196,0.000862204747425356,"COPD","PAIP2","Basal"
"1729","OST4",9.70934995721765e-09,1.28532430807924,0.764,0.461,0.000889085175582421,"COPD","OST4","Basal"
"1730","ACAA1",1.0431695261573e-08,2.04235674192506,0.348,0.029,0.000955230335102238,"COPD","ACAA1","Basal"
"1731","CTGF",1.15877782633568e-08,3.57764141066734,0.281,0,0.00106109285557558,"COPD","CTGF","Basal"
"1732","H1F0",1.15877782633568e-08,3.17660344885657,0.281,0,0.00106109285557558,"COPD","H1F0","Basal"
"1733","RARS",1.15877782633568e-08,2.86589675892583,0.281,0,0.00106109285557558,"COPD","RARS","Basal"
"1735","TSTA3",1.15877782633568e-08,2.81972319233058,0.281,0,0.00106109285557558,"COPD","TSTA3","Basal"
"1736","WDR34",1.15877782633568e-08,2.66071030815677,0.281,0,0.00106109285557558,"COPD","WDR34","Basal"
"1737","SSFA2",1.15877782633568e-08,2.64229078817779,0.281,0,0.00106109285557558,"COPD","SSFA2","Basal"
"1738","MUM1",1.15877782633568e-08,2.58209104328898,0.281,0,0.00106109285557558,"COPD","MUM1","Basal"
"1739","POLR3GL",1.15877782633568e-08,2.53390100561149,0.281,0,0.00106109285557558,"COPD","POLR3GL","Basal"
"1741","ATG101",1.15877782633568e-08,2.38465170889431,0.281,0,0.00106109285557558,"COPD","ATG101","Basal"
"1742","C22orf39",1.15877782633568e-08,2.34491996657341,0.281,0,0.00106109285557558,"COPD","C22orf39","Basal"
"1743","C19orf24",1.15877782633568e-08,2.33283865442736,0.281,0,0.00106109285557558,"COPD","C19orf24","Basal"
"1745","BHLHE41",1.19153118385107e-08,2.51721185205063,0.36,0.039,0.00109108510505242,"COPD","BHLHE41","Basal"
"1746","SNHG8",1.21774268181176e-08,1.19449938581982,0.82,0.48,0.00111508697373503,"COPD","SNHG8","Basal"
"1748","ACOT13",1.37021330461608e-08,2.05109514333193,0.371,0.039,0.00125470432303695,"COPD","ACOT13","Basal"
"1749","NCL",1.45652015842979e-08,1.35711674675252,0.775,0.451,0.00133373550907416,"COPD","NCL","Basal"
"1750","UBE2M",1.49600120643016e-08,1.83242361339733,0.472,0.108,0.00136988830472809,"COPD","UBE2M","Basal"
"1751","NSA2",1.59790198119535e-08,1.55917865834088,0.629,0.245,0.00146319884418058,"COPD","NSA2","Basal"
"1753","PRNP",1.6274327896269e-08,1.36779151193807,0.674,0.265,0.00149024020546135,"COPD","PRNP","Basal"
"1754","VEGFB",1.64717163815257e-08,2.26276451255237,0.438,0.078,0.00150831506905631,"COPD","VEGFB","Basal"
"1755","FOXC1",1.77553793573671e-08,2.64204805455981,0.371,0.049,0.00162586008775411,"COPD","FOXC1","Basal"
"1756","CDKN2AIP",1.97090033236456e-08,2.18104600548201,0.382,0.049,0.00180475343434623,"COPD","CDKN2AIP","Basal"
"1757","BUD31",2.11655655473258e-08,2.01231527874298,0.438,0.088,0.00193813083716862,"COPD","BUD31","Basal"
"1759","TMED1",2.36100132496769e-08,2.32351170935485,0.292,0.01,0.00216196891327291,"COPD","TMED1","Basal"
"1760","LRG1",2.47419719890975e-08,2.9732484346567,0.27,0,0.00226562237504166,"COPD","LRG1","Basal"
"1761","SSSCA1",2.47419719890975e-08,2.59322662062703,0.27,0,0.00226562237504166,"COPD","SSSCA1","Basal"
"1762","MARCH7",2.47419719890975e-08,2.59068073519318,0.27,0,0.00226562237504166,"COPD","MARCH7","Basal"
"1763","SPSB3",2.47419719890975e-08,2.48805183750732,0.27,0,0.00226562237504166,"COPD","SPSB3","Basal"
"1764","CASC4",2.47419719890975e-08,2.35294008087036,0.27,0,0.00226562237504166,"COPD","CASC4","Basal"
"1765","RAMMET",2.47419719890975e-08,2.23239100083096,0.27,0,0.00226562237504166,"COPD","RAMMET","Basal"
"1766","EEF1E1",2.47419719890975e-08,2.14918685004777,0.27,0,0.00226562237504166,"COPD","EEF1E1","Basal"
"1767","PHB2",2.53458237072087e-08,1.52287951864575,0.64,0.265,0.0023209170768691,"COPD","PHB2","Basal"
"1769","IRF1",2.82303265838128e-08,1.68156935196279,0.573,0.176,0.00258505100527973,"COPD","IRF1","Basal"
"1771","CDV3",3.36458521173691e-08,1.82644444522627,0.562,0.176,0.00308095067838749,"COPD","CDV3","Basal"
"1772","CYGB",3.42387107444885e-08,2.21899599730147,0.292,0.01,0.00313523874287281,"COPD","CYGB","Basal"
"1773","AP1G2",3.87193715564694e-08,2.07496907537136,0.292,0.01,0.00354553285342591,"COPD","AP1G2","Basal"
"1775","CAP1",4.13484031873407e-08,1.8696856050278,0.472,0.118,0.00378627327986478,"COPD","CAP1","Basal"
"1776","CAMLG",4.24414688548735e-08,1.75457057675918,0.618,0.245,0.00388636530304076,"COPD","CAMLG","Basal"
"1778","KAT5",4.63720817947228e-08,1.75772458005473,0.404,0.069,0.00424629152994277,"COPD","KAT5","Basal"
"1779","ANAPC15",4.84690751619229e-08,2.64707062363307,0.303,0.02,0.00443831321257728,"COPD","ANAPC15","Basal"
"1781","MPG",4.9021824702866e-08,1.98261582403221,0.36,0.039,0.00448892848804144,"COPD","MPG","Basal"
"1783","H2AFX",5.24648704006232e-08,2.8608245717299,0.258,0,0.00480420818258507,"COPD","H2AFX","Basal"
"1784","TP53I13",5.24648704006232e-08,2.8309917104488,0.258,0,0.00480420818258507,"COPD","TP53I13","Basal"
"1785","FOXA2",5.24648704006232e-08,2.68253288718518,0.258,0,0.00480420818258507,"COPD","FOXA2","Basal"
"1786","IARS",5.24648704006232e-08,2.44410352283229,0.258,0,0.00480420818258507,"COPD","IARS","Basal"
"1787","BMI1",5.24648704006232e-08,2.43080876035093,0.258,0,0.00480420818258507,"COPD","BMI1","Basal"
"1788","C8orf82",5.24648704006232e-08,2.36723867553048,0.258,0,0.00480420818258507,"COPD","C8orf82","Basal"
"1789","HNRNPUL2",5.24648704006232e-08,2.31019589610072,0.258,0,0.00480420818258507,"COPD","HNRNPUL2","Basal"
"1790","SLC35E1",5.24648704006232e-08,2.26460498965258,0.258,0,0.00480420818258507,"COPD","SLC35E1","Basal"
"1791","JMJD8",5.24648704006232e-08,2.18939853989088,0.258,0,0.00480420818258507,"COPD","JMJD8","Basal"
"1792","KIF1BP",5.24648704006232e-08,2.08776591318707,0.258,0,0.00480420818258507,"COPD","KIF1BP","Basal"
"1793","SORBS3",5.57192969256945e-08,1.82696421692511,0.427,0.088,0.00510221601948584,"COPD","SORBS3","Basal"
"1794","SUMF2",5.60657069038501e-08,1.53235197966138,0.528,0.127,0.00513393678118555,"COPD","SUMF2","Basal"
"1795","MXD4",5.74068981667768e-08,1.81990294436859,0.416,0.078,0.00525674966513175,"COPD","MXD4","Basal"
"1797","KLHDC2",6.40760321319513e-08,1.52186575245189,0.427,0.078,0.00586744226232278,"COPD","KLHDC2","Basal"
"1798","PA2G4",6.62854973357408e-08,1.62114916045933,0.596,0.235,0.00606976299103379,"COPD","PA2G4","Basal"
"1802","MYL12B",8.44513961304117e-08,0.916050620994545,0.899,0.627,0.0077332143436618,"COPD","MYL12B","Basal"
"1803","TXNIP",8.54403882487355e-08,1.51317709491066,0.674,0.343,0.00782377635193671,"COPD","TXNIP","Basal"
"1804","ZNF22",9.40034409513511e-08,1.84523673748976,0.348,0.039,0.00860789508791522,"COPD","ZNF22","Basal"
"1805","PGRMC1",9.6630868394091e-08,1.55255892415615,0.596,0.235,0.00884848861884691,"COPD","PGRMC1","Basal"
"1806","IER5L",9.84833697009843e-08,2.13575252605128,0.315,0.029,0.00901812216351913,"COPD","IER5L","Basal"
"1807","LAMTOR4",9.87903795213352e-08,1.13965062977371,0.809,0.431,0.00904623505276866,"COPD","LAMTOR4","Basal"
"1808","COPS5",1.00335909876701e-07,1.90673984099669,0.337,0.039,0.00918775926740953,"COPD","COPS5","Basal"
"1809","TOMM7",1.01918989262765e-07,0.919701588487887,0.843,0.647,0.00933272184679142,"COPD","TOMM7","Basal"
"1810","INTS6",1.06552051431057e-07,1.43971763948117,0.652,0.284,0.00975697134954188,"COPD","INTS6","Basal"
"1811","ITPRIPL2",1.09087076436501e-07,2.05458805728365,0.371,0.059,0.00998910358929038,"COPD","ITPRIPL2","Basal"
"1812","ZNF503",1.10500825510231e-07,2.88244389336305,0.247,0,0.0101185605919718,"COPD","ZNF503","Basal"
"1813","AJUBA",1.10500825510231e-07,2.88079914805578,0.247,0,0.0101185605919718,"COPD","AJUBA","Basal"
"1814","NDUFA7",1.10500825510231e-07,2.79524865063784,0.247,0,0.0101185605919718,"COPD","NDUFA7","Basal"
"1815","PEX19",1.10500825510231e-07,2.64165772117163,0.247,0,0.0101185605919718,"COPD","PEX19","Basal"
"1817","SMARCC2",1.10500825510231e-07,2.55943174057923,0.247,0,0.0101185605919718,"COPD","SMARCC2","Basal"
"1818","FAM208B",1.10500825510231e-07,2.54123468079415,0.247,0,0.0101185605919718,"COPD","FAM208B","Basal"
"1819","TMEM203",1.10500825510231e-07,2.42922098764601,0.247,0,0.0101185605919718,"COPD","TMEM203","Basal"
"1820","TMEM189",1.10500825510231e-07,2.42708403284268,0.247,0,0.0101185605919718,"COPD","TMEM189","Basal"
"1821","FNIP1",1.10500825510231e-07,2.3918203660482,0.247,0,0.0101185605919718,"COPD","FNIP1","Basal"
"1822","PSMA3-AS1",1.10500825510231e-07,2.38844911006713,0.247,0,0.0101185605919718,"COPD","PSMA3-AS1","Basal"
"1823","TSNAX",1.10500825510231e-07,2.35749942091781,0.247,0,0.0101185605919718,"COPD","TSNAX","Basal"
"1824","TMEM246",1.10500825510231e-07,2.33804318221975,0.247,0,0.0101185605919718,"COPD","TMEM246","Basal"
"1825","DEXI",1.10500825510231e-07,2.25312476297104,0.247,0,0.0101185605919718,"COPD","DEXI","Basal"
"1826","ORAI3",1.10500825510231e-07,2.2043514066575,0.247,0,0.0101185605919718,"COPD","ORAI3","Basal"
"1827","ZNF358",1.10500825510231e-07,2.14648248167417,0.247,0,0.0101185605919718,"COPD","ZNF358","Basal"
"1828","FOPNL",1.10500825510231e-07,2.13423931404167,0.247,0,0.0101185605919718,"COPD","FOPNL","Basal"
"1829","SLC39A3",1.10500825510231e-07,2.09636417078101,0.247,0,0.0101185605919718,"COPD","SLC39A3","Basal"
"1830","PIGBOS1",1.10500825510231e-07,2.07563361951571,0.247,0,0.0101185605919718,"COPD","PIGBOS1","Basal"
"1831","SIX1",1.11676668627608e-07,1.63645454681218,0.472,0.118,0.0102262325462301,"COPD","SIX1","Basal"
"1832","FBXL3",1.12250991675975e-07,1.86145090754756,0.393,0.069,0.0102788233077691,"COPD","FBXL3","Basal"
"1833","SLC25A1",1.14553309614909e-07,1.87834021217862,0.382,0.069,0.0104896465614372,"COPD","SLC25A1","Basal"
"1834","TMEM179B",1.29480266190502e-07,1.96373907814958,0.36,0.049,0.0118565079750642,"COPD","TMEM179B","Basal"
"1836","COX6C",1.36091090147964e-07,0.984481608894491,0.831,0.539,0.012461861124849,"COPD","COX6C","Basal"
"1837","ANP32B",1.39902517058439e-07,1.12884211504868,0.708,0.382,0.0128108734870412,"COPD","ANP32B","Basal"
"1838","ITM2B",1.40205296212727e-07,0.765167147193008,0.865,0.667,0.0128385989741994,"COPD","ITM2B","Basal"
"1839","MPHOSPH10",1.50118418701174e-07,2.81950802582227,0.36,0.059,0.0137463436004665,"COPD","MPHOSPH10","Basal"
"1840","CENPB",1.50579222155353e-07,2.80340711451287,0.326,0.039,0.0137885393727657,"COPD","CENPB","Basal"
"1841","HLA-DMA",1.58558293289974e-07,2.63551252032578,0.27,0.01,0.0145191829165629,"COPD","HLA-DMA","Basal"
"1844","DLK2",1.73960238239488e-07,2.37949631132012,0.371,0.059,0.0159295390155899,"COPD","DLK2","Basal"
"1845","PABPC1",1.78391474981309e-07,0.860027135913544,0.944,0.706,0.0163353073640385,"COPD","PABPC1","Basal"
"1846","RNF187",1.87989016043206e-07,1.88215801494378,0.461,0.137,0.0172141541990764,"COPD","RNF187","Basal"
"1847","COX7C",2.11826907097585e-07,0.758747458284313,0.876,0.667,0.0193969898829258,"COPD","COX7C","Basal"
"1848","NOB1",2.16710336587898e-07,1.49940207137642,0.472,0.118,0.0198441655213539,"COPD","NOB1","Basal"
"1849","PSMC1",2.20348586091534e-07,0.965419533028446,0.483,0.118,0.0201773200284017,"COPD","PSMC1","Basal"
"1850","BUD13",2.21704924098031e-07,2.47089706629941,0.326,0.039,0.0203015198996567,"COPD","BUD13","Basal"
"1851","CDKN1C",2.22326732234368e-07,1.9165213625827,0.416,0.088,0.0203584588707011,"COPD","CDKN1C","Basal"
"1852","CCT6A",2.23415389657664e-07,1.44729316338898,0.607,0.235,0.0204581472309523,"COPD","CCT6A","Basal"
"1853","PQLC3",2.31201628711844e-07,2.47947704963575,0.236,0,0.0211711331411436,"COPD","PQLC3","Basal"
"1854","GABPB1-AS1",2.31201628711844e-07,2.44186879536793,0.236,0,0.0211711331411436,"COPD","GABPB1-AS1","Basal"
"1856","NTF4",2.31201628711844e-07,2.14391007943003,0.236,0,0.0211711331411436,"COPD","NTF4","Basal"
"1857","YARS",2.31201628711844e-07,2.11616081205164,0.236,0,0.0211711331411436,"COPD","YARS","Basal"
"1858","TARS",2.31201628711844e-07,2.06678874444228,0.236,0,0.0211711331411436,"COPD","TARS","Basal"
"1859","FAM192A",2.31201628711844e-07,2.00834237414874,0.236,0,0.0211711331411436,"COPD","FAM192A","Basal"
"1861","TRMT2A",2.31201628711844e-07,1.99235975592536,0.236,0,0.0211711331411436,"COPD","TRMT2A","Basal"
"1863","CYBRD1",2.49766952730514e-07,1.65472070655335,0.427,0.098,0.0228711598615331,"COPD","CYBRD1","Basal"
"1864","FMO2",2.58655249136463e-07,1.91090964366551,0.528,0.235,0.0236850611634259,"COPD","FMO2","Basal"
"1865","SLC12A4",2.58676238374883e-07,1.99511149860834,0.258,0.01,0.023686983147988,"COPD","SLC12A4","Basal"
"1866","SCAF1",2.61428540767272e-07,2.36303514267983,0.337,0.049,0.0239390114780591,"COPD","SCAF1","Basal"
"1867","SERPINB6",2.6363232339429e-07,1.53553893615059,0.652,0.294,0.0241408118532151,"COPD","SERPINB6","Basal"
"1870","YPEL3",2.67995013892728e-07,1.62024172831693,0.517,0.176,0.0245403034221571,"COPD","YPEL3","Basal"
"1871","SSRP1",2.70870514951894e-07,1.70159421132983,0.449,0.118,0.0248036130541449,"COPD","SSRP1","Basal"
"1872","NDUFS7",2.83239955740314e-07,2.29734109583011,0.438,0.118,0.0259362827471405,"COPD","NDUFS7","Basal"
"1873","EPCAM",2.8977676592064e-07,1.45705327214718,0.618,0.255,0.026534858455353,"COPD","EPCAM","Basal"
"1874","SERBP1",2.98045523963596e-07,0.970535053713477,0.798,0.5,0.0272920286293465,"COPD","SERBP1","Basal"
"1876","WDR6",3.07353521880837e-07,2.21630011410487,0.303,0.029,0.0281443619986282,"COPD","WDR6","Basal"
"1879","TWF2",3.23985538891308e-07,1.96276181324742,0.281,0.02,0.0296673557962771,"COPD","TWF2","Basal"
"1880","SBDS",3.27800123197972e-07,1.52637351814995,0.685,0.333,0.0300166572812383,"COPD","SBDS","Basal"
"1881","PRKAR1A",3.58687730950738e-07,1.2662621385102,0.674,0.353,0.0328450355231591,"COPD","PRKAR1A","Basal"
"1882","PCBP2",3.64553452527688e-07,1.14257660418619,0.764,0.422,0.0333821596479604,"COPD","PCBP2","Basal"
"1883","CRTAP",3.72661119378869e-07,1.6291144123826,0.449,0.118,0.0341245787015231,"COPD","CRTAP","Basal"
"1884","IRX2",3.83356148096012e-07,1.33341579386216,0.573,0.216,0.0351039224811518,"COPD","IRX2","Basal"
"1885","GPX4",3.97825429516999e-07,0.908811028849815,0.854,0.608,0.0364288745808716,"COPD","GPX4","Basal"
"1886","HES1",4.01314464255015e-07,1.23967055411875,0.764,0.412,0.0367483654918317,"COPD","HES1","Basal"
"1888","NPM1",4.40576680750141e-07,0.90468995279341,0.865,0.647,0.0403436066562904,"COPD","NPM1","Basal"
"1889","TMEM14C",4.69502250859299e-07,1.21033041554135,0.674,0.314,0.042992321111186,"COPD","TMEM14C","Basal"
"1890","THAP5",4.80634093307031e-07,2.40947725212283,0.225,0,0.0440116639241248,"COPD","THAP5","Basal"
"1892","PELO",4.80634093307031e-07,2.296714364186,0.225,0,0.0440116639241248,"COPD","PELO","Basal"
"1893","ENDOG",4.80634093307031e-07,2.21786939860852,0.225,0,0.0440116639241248,"COPD","ENDOG","Basal"
"1894","PILRB",4.80634093307031e-07,2.213660839407,0.225,0,0.0440116639241248,"COPD","PILRB","Basal"
"1895","CEBPA",4.80634093307031e-07,2.20485619997353,0.225,0,0.0440116639241248,"COPD","CEBPA","Basal"
"1896","WAC-AS1",4.80634093307031e-07,2.1390450830804,0.225,0,0.0440116639241248,"COPD","WAC-AS1","Basal"
"1897","SEPT11",4.80634093307031e-07,2.13304837579974,0.225,0,0.0440116639241248,"COPD","SEPT11","Basal"
"1898","GARS",4.80634093307031e-07,2.11143011319642,0.225,0,0.0440116639241248,"COPD","GARS","Basal"
"1899","NUPL2",4.80634093307031e-07,2.04758615146778,0.225,0,0.0440116639241248,"COPD","NUPL2","Basal"
"1901","MARS",4.80634093307031e-07,1.97767447986838,0.225,0,0.0440116639241248,"COPD","MARS","Basal"
"1902","NME2",4.80634093307031e-07,1.89890679907598,0.225,0,0.0440116639241248,"COPD","NME2","Basal"
"1903","GPSM2",4.85706695821078e-07,1.85569048720053,0.303,0.029,0.0444761621363361,"COPD","GPSM2","Basal"
"1904","USP1",4.89365779811261e-07,1.30513287028516,0.427,0.098,0.0448112244573172,"COPD","USP1","Basal"
"1905","PLEKHH3",4.89366611786865e-07,1.89204283006106,0.348,0.059,0.0448113006413232,"COPD","PLEKHH3","Basal"
"1906","IFT20",4.92662604837381e-07,2.20433774557104,0.27,0.02,0.045113114724959,"COPD","IFT20","Basal"
"1907","PTMS",5.01827863259634e-07,1.25141625318155,0.719,0.441,0.0459523774386847,"COPD","PTMS","Basal"
"1908","CKS1B",5.17551599152113e-07,1.71632403726178,0.438,0.118,0.047392199934359,"COPD","CKS1B","Basal"
"1909","COX5B",5.26213855414693e-07,0.897830740696897,0.831,0.559,0.0481854027403234,"COPD","COX5B","Basal"
"1910","RP9",5.29502193584639e-07,1.39817772214027,0.303,0.029,0.0484865158665454,"COPD","RP9","Basal"
